-- phpMyAdmin SQL Dump
-- version 5.2.2
-- https://www.phpmyadmin.net/
--
-- Host: 127.0.0.1:3306
-- Generation Time: Aug 31, 2025 at 11:07 AM
-- Server version: 10.11.10-MariaDB-log
-- PHP Version: 7.2.34

SET SQL_MODE = "NO_AUTO_VALUE_ON_ZERO";
START TRANSACTION;
SET time_zone = "+00:00";


/*!40101 SET @OLD_CHARACTER_SET_CLIENT=@@CHARACTER_SET_CLIENT */;
/*!40101 SET @OLD_CHARACTER_SET_RESULTS=@@CHARACTER_SET_RESULTS */;
/*!40101 SET @OLD_COLLATION_CONNECTION=@@COLLATION_CONNECTION */;
/*!40101 SET NAMES utf8mb4 */;

--
-- Database: `u334735432_sukhanzarfound`
--

-- --------------------------------------------------------

--
-- Table structure for table `add_ticket`
--

CREATE TABLE `add_ticket` (
  `id` int(11) NOT NULL,
  `image` varchar(255) NOT NULL,
  `heading` varchar(255) NOT NULL,
  `event_date` date NOT NULL,
  `event_time` varchar(50) NOT NULL,
  `hostname` varchar(255) NOT NULL,
  `location` varchar(255) NOT NULL,
  `map_link` text NOT NULL,
  `audience_price` decimal(10,2) NOT NULL,
  `performer_price` decimal(10,2) NOT NULL,
  `created_at` timestamp NULL DEFAULT current_timestamp()
) ENGINE=InnoDB DEFAULT CHARSET=utf8mb4 COLLATE=utf8mb4_unicode_ci;

--
-- Dumping data for table `add_ticket`
--

INSERT INTO `add_ticket` (`id`, `image`, `heading`, `event_date`, `event_time`, `hostname`, `location`, `map_link`, `audience_price`, `performer_price`, `created_at`) VALUES
(1, 'book.jpg', 'Sukahnazar Foundation – Poetry Open Mic in New Delhi6', '2025-08-09', '10 Am - 5 Pm', 'Kalu khan', 'Sukahnazar Foundation\r\nBatla House New Delhi 110020', 'https://www.google.com/maps/embed?pb=!1m14!1m8!1m3!1d224346.32878084306!2d77.208985!3d28.527352!3m2!1i1024!2i768!4f13.1!3m3!1m2!1s0x390cfd5b347eb62d%3A0x52c2b7494e204dce!2sNew%20Delhi%2C%20Delhi!5e0!3m2!1sen!2sin!4v1754750613119!5m2!1sen!2sin\" width=\"600\" height=\"450\" style=\"border:0;\" allowfullscreen=\"\" loading=\"lazy\" referrerpolicy=\"no-referrer-when-downgrade', 3999.00, 456.00, '2025-08-09 13:23:20');

-- --------------------------------------------------------

--
-- Table structure for table `admin`
--

CREATE TABLE `admin` (
  `id` int(11) NOT NULL,
  `username` varchar(50) NOT NULL,
  `password` varchar(255) NOT NULL,
  `created_at` timestamp NULL DEFAULT current_timestamp()
) ENGINE=InnoDB DEFAULT CHARSET=utf8mb4 COLLATE=utf8mb4_unicode_ci;

--
-- Dumping data for table `admin`
--

INSERT INTO `admin` (`id`, `username`, `password`, `created_at`) VALUES
(2, '####', '#####', '2025-06-26 18:24:57');

-- --------------------------------------------------------

--
-- Table structure for table `banner`
--

CREATE TABLE `banner` (
  `id` int(11) NOT NULL,
  `image` varchar(255) NOT NULL,
  `url` varchar(500) DEFAULT NULL
) ENGINE=InnoDB DEFAULT CHARSET=utf8mb4 COLLATE=utf8mb4_unicode_ci;

--
-- Dumping data for table `banner`
--

INSERT INTO `banner` (`id`, `image`, `url`) VALUES
(6, 'website-banner-(main).png', 'https://sukhanzarfoundation.com/'),
(7, 'website-banner-(main)-2.png', 'https://sukhanzarfoundation.com/'),
(8, '03.png', 'https://sukhanzarfoundation.com/'),
(9, 'website-banner-(main)-1.png', 'https://sukhanzarfoundation.com/index.php');

-- --------------------------------------------------------

--
-- Table structure for table `blogs`
--

CREATE TABLE `blogs` (
  `id` int(11) NOT NULL,
  `image` varchar(255) DEFAULT NULL,
  `heading` varchar(255) DEFAULT NULL,
  `title` varchar(255) DEFAULT NULL,
  `author` varchar(100) DEFAULT NULL,
  `date` date DEFAULT NULL,
  `time` time DEFAULT NULL,
  `content` text DEFAULT NULL
) ENGINE=InnoDB DEFAULT CHARSET=utf8mb4 COLLATE=utf8mb4_unicode_ci;

--
-- Dumping data for table `blogs`
--

INSERT INTO `blogs` (`id`, `image`, `heading`, `title`, `author`, `date`, `time`, `content`) VALUES
(6, 'uploads/blogs/Artboard-1-200x224.jpg', 'वुजूद की ना-क़ाबिल-ए-बर्दाश्त लताफ़त, जिंसियत और मोहब्बत : मिलान कुंडेरा', 'वुजूद की ना-क़ाबिल-ए-बर्दाश्त लताफ़त, जिंसियत और मोहब्बत : मिलान कुंडेरा', 'Parvez ', '2025-07-19', '14:06:00', '<p>&nbsp;मिलान कुंडेरा नॉवेल की तारीख़ का एक जीनियस नाॅवेल निगार है! उसका शुमार काफ़्का के बाद पैदा होने वाले चेक ज़बान के अहम फ़िक्शन लिखने वालों में किया जाता है। बल्कि यूरोपियन नॉवेल को जो मक़ाम और मर्तबा कुंडेरा ने अता किया, वो उसका अज़ीम कारनामा है।</p>\r\n\r\n<p>1975 में चेकोस्लोवाकिया छोड़ने के बाद उसने फ़्रांस में पनाह ली, और 1979 में उसकी चेकोस्लोवाकियन शहरियत भी ख़त्म कर दी गई। 1981 में उसने फ़्रांसीसी शहरियत हासिल कर ली और ता-हयात वो फ़्रांस ही में मुक़ीम रहा हालांकि उसने बाक़ी नॉवेल फ़्रेंच ही में लिखे, जिन्हें चेक ज़बान में भी छापा गया। 1967 में उसका पहला और अहम नॉवेल &ldquo;मज़ाक़&rdquo; मंज़र-ए-आम पर आया, और 1984 में उसके अहम तरीन और शाहकार नॉवेल &ldquo;वुजूद की ना-क़ाबिल-ए-बर्दाश्त लताफ़त&rdquo; का फ़्रेंच और अंग्रेज़ी तर्जुमा शाए किया गया, जिसने एक नाॅवेल निगार के तौर पर उसकी शोहरत और अज़मत को रातों-रात उरूज पर पहुँचा दिया। नाॅवेल अगले ही साल चेक ज़बान में भी शाए किया गया। कुंडेरा के अदब में नाॅवेलों के अलावा एक बहुत अहम किताब &ldquo;नाविल का फ़न&rdquo; शामिल है जो 1986 में शाए की गई थी।</p>\r\n\r\n<p>&ldquo;वुजूद की ना-क़ाबिल-ए-बर्दाश्त लताफ़त&rdquo; कुंडेरा का बेहतरीन, अहम और कई नाविलियाती/ नाविलाती बहसों को पैदा करने वाला नॉवेल माना जाता है। उसके मुताबिक़ इस नॉवेल को जिन बुनियादों या जिन सुतूनों पर लिखा गया है उनमें बोझ, लताफ़त, रूह, जिस्म, ग्रैंड मार्च, किच या किश, गिर जाने की कैफ़ियत, क़ुव्वत और कमज़ोरी शामिल हैं। नॉवेल को पढ़ते हुए हम कई सतहों पर उसके फैलाव को देखते हैं और ये फैलाव वुजूद, जिंस, मोहब्बत, सियासत (प्रेग स्प्रिंग), फ़लसफ़ा, मौसीक़ी, किरदारों की सूरत-ए-हाल पर है और बक़ौल कुंडेरा &ldquo;बेवफ़ाई, सरहद, मुक़द्दर, लताफ़त, ग़नाइयत; मुझे यूँ लगता है कि एक नॉवेल अक्सर कुछ गुरेज़ाँ इस्तिलाहों को पाने की तवील जुस्तजू के सिवा कुछ नहीं।&rdquo;</p>\r\n\r\n<p>अपनी किताब &ldquo;नाविल के फ़न&rdquo; में एक मक़ाम पर कुंडेरा रकम-तराज़ है: &ldquo;वुजूद की ना-क़ाबिल-ए-बर्दाश्त लताफ़त ना-तजरिबाकारी का सय्यारा था। ना-तजरिबाकारी: इंसानी सूरत-ए-हाल की ख़ुसीसियत की सूरत।&rdquo; और मज़्कूरा नॉवेल में ज़मीन को कुंडेरा ने सय्यारा नंबर एक यानी ना-तजरिबाकारी का सय्यारा ही कहा है।</p>\r\n\r\n<p>नॉवेल में ग़लत-फ़हमी, ना-इंसाफ़ी, माज़ी और हिजरत जैसे मौज़ूआत पर भी गुफ़्तगू की गई है, जो बहुत अहम और पढ़ने से तअल्लुक़ रखती है।</p>\r\n\r\n<p>कुंडेरा के मुताबिक़ किसी को भी (जो उसके नॉवेलों या बिल-ख़ुसूस &ldquo;वुजूद की ना-क़ाबिल-ए-बर्दाश्त लताफ़त&rdquo; को पढ़ता है) वुजूद की इब्तिदा और इन्तिहा पर हैरान होने की कोई ज़रूरत नहीं, क्योंकि ये तो किसी भी तरह नापे नहीं जा सकते, बल्कि इंसान को उस फ़ितरत पर हैरान होना चाहिए जो यक़ीन से बाहर की शय है और जिसकी कोई शिनाख़्त है। आगे वो ये भी कहता है कि उसके नाॅवेलों में वुजूद को समझने का तरीक़ा ये है कि वुजूद से पैदा होने वाले मसाइल को समझने की कोशिश की जाए। दरअस्ल पूरा नॉवेल ऐसे अल्फ़ाज़ से भरा पड़ा है जो किरदारों के एक-दूसरे के वुजूदी मसाइल के इंसिलाकात पर मुश्तमिल हैं। इन अल्फ़ाज़ में बदन, रूह, नक़ाहत, सर घूमने की कैफ़ियत (virtigo), लोकगीत, बहिश्त, लताफ़त, वज़्न, ग़लत समझे गए अल्फ़ाज़, औरत, वफ़ादारी, बेवफ़ाई, मौसीक़ी, अंधेरा, रौशनी, क़तारें, हुस्न, मुल्क, क़ब्रिस्तान, क़ुव्वत। ये लफ़्ज़ अस्लन अल्फ़ाज़ न होकर अक्सर मक़ामात पर एक सूरत-ए-हाल पेश करते नज़र आते हैं। इसे आप ऐसे समझने की कोशिश कीजिए कि ये तमाम अल्फ़ाज़ वुजूदी इशारे हैं, जो अपने मरकज़ यानी सूरत-ए-हाल की तरफ़ हर किरदार को खींचते हैं, और कुंडेरा के वज़&rsquo;करदा लफ़्ज़ &lsquo;इन्हिराफ़&rsquo; के ज़रिए परवरिश पाते हैं। &lsquo;इन्हिराफ़&rsquo; अस्ल में वो जस्त है जो मुसन्निफ़ (नॉवेल में मौजूद) कहानी बयान करने के लिए लगाता है। ये एक लहज़ा है, यानी एक तवक़्क़ुफ़, एक लम्हा!</p>\r\n\r\n<p>नॉवेल के नुमाइंदा किरदारों में शामिल टॉमस की सूरत-ए-हाल कुछ इस तरह की है कि वो अपने घर में खड़ा &ldquo;अहाते के पास मुख़ालिफ़ सिम्त में दीवारों से जवाब माँग रहा था और टेरेज़ा उसे अपने सोफ़े पर लेटी याद आ रही थी। उसकी साबिक़ा ज़िंदगी में उस जैसी और कोई नहीं थी। वो न दाश्ता थी और न औरत। वो तो एक बच्ची थी जिसे एक नरसल की टोकरी में लिटा कर, कीचड़ से लेप कर उसके बिस्तर के किनारे तक बहा दिया गया था।&rdquo; इस सूरत-ए-हाल के साथ मुश्किल ये है कि टॉमस को ये नहीं समझ में आता कि मोहब्बत है या कोई हिस्टीरियाई अमल। मोहब्बत वो शय थी जिस पर कुंडेरा ने मुकम्मल नॉवेल में जिंस के बाद सबसे अच्छी तरह लिखा है, कमाल की बात तो ये है कि उसने मोहब्बत को दर्दमंदी और मुजामअत के सराब से निकाल कर एक हक़ीक़ी और ज़िंदगी-अफ़ज़ा आब-ए-रवाँ की सूरत में पेश किया है। &ldquo;किसी से दर्दमंदी की वज्ह से मोहब्बत करने का मतलब है कि वाक़ई मोहब्बत नहीं है।&rdquo; या एक दूसरे मक़ाम पर &ldquo;दर्दमंदी से ज़ियादा वज़्नी बोझ कुछ नहीं।&rdquo; जैसे जुमले जिन्हें बहुत आला क़िस्म की फ़नकारी से तराशा गया है, मोहब्बत के हवाले से कुंडेरा की कुशादा ज़ेहनी की अहम मिसाल है। अपनी अहम किताब &ldquo;नाविल के फ़न&rdquo; में&nbsp; उसने मोहब्बत के बारे में ख़ूबसूरत बात कही है कि सिवाए &ldquo;मज़हक़ा-ख़ेज़ मोहब्बतें&rdquo; के, मोहब्बत का ख़याल हमेशा संजीदगी के साथ वाबस्ता रहा है। और इस नॉवेल में उसने मोहब्बत के हवाले से जिस फ़साहत-ओ-बलाग़त का इज़हार किया है वो महज़ क़ाबिल-ए-तारीफ़ नहीं बल्कि उसके फ़न की क़द्र-ओ-मंज़िलत का इम्तियाज़ी निशान है। मिसाल के तौर पर ये जुमले जो हक़ीक़त में तो अफ़लातून के सिम्पोज़ियम के मफ़रूज़े का हिस्सा हैं: &ldquo;जब तक ख़ुदा ने उनके दो हिस्से न कर दिए, इंसान दो जिंसी था, और अब ये सारे निस्फ़ हिस्से दुनिया भर में एक-दूसरे को ढूँढते रहते हैं। मोहब्बत उस आधे की तमन्ना है जो हम खो चुके हैं।&rdquo; यहाँ कुंडेरा ने हमें बताया कि दरअस्ल आधे की तमन्ना यानी वो औरत जिसकी तमन्ना की गई, उसको छोड़ कर (क्योंकि वो तो इंसान को कभी नहीं मिलती, वो सिर्फ़ उसके ख़्वाब का हिस्सा हो सकती है, और उसके साथ होने के लिए या तो इंसान ख़्वाब में जाता है या तसव्वुराती ख़ला में भटकता रहता है) मोहब्बत की तरफ़ सफ़र करना पड़ता है क्योंकि हर टॉमस को उसकी टेरेज़ा नरसल की टोकरी में उसके बिस्तर तक भेज दी जाती है। एक और बलीग़ जुमला देखिए: &ldquo;मोहब्बतें सल्तनतों की मानिंद होती हैं; जिस नज़रिए पर वो क़ायम हों, अगर वो मुन्हदम हो तो वो भी मिस्मार हो जाती हैं।&rdquo;</p>\r\n\r\n<p>मोहब्बत के बारे में कुंडेरा हमें आगाह करता है कि टॉमस के टेरेज़ा के पहलू में मर जाने की ख़्वाहिश हो या उसके जिस्म की क़ुर्बत में ज़म हो जाने की आरज़ू, दरअस्ल ये बातें मुबालग़ा-आमेज़ और ना-क़ाबिल-ए-यक़ीन हैं। नॉवेल के पहले बाब में एक मंज़र है कि सोहबत के बाद टेरेज़ा टॉमस का हाथ थाम कर (उसकी ये कैफ़ियत मोहब्बत का इस्तिआरा है, जो आख़िर तक क़ायम रहती है) ही सो जाती है, टॉमस की साइकी पर इस ग़ैर-इरादी अमल का असर बड़े वालिहाना अंदाज़ में होता है। कुंडेरा इस मंज़र को मोहब्बत के हवाले से एक तल्मीही या तारीख़ी तस्लीस बना देता है जहाँ फ़िर्औन की बेटी ने एक तूफ़ानी दरिया में मूसा की टोकरी को उठा लिया था, पोलीबस ने ओडिपस की ज़िम्मेदारी ली थी, और टॉमस ने टेरेज़ा को एक नरसल की टोकरी में से उठा लिया था। और यहाँ वो मशहूर जुमला हमें पढ़ने को मिलता है कि &ldquo;एक वाहिद इस्तिआरा भी मोहब्बत को जनम दे सकता है।&rdquo;</p>\r\n\r\n<p>एक और तरह की मोहब्बत के बारे में हम इस किताब में पढ़ते हैं और वो है इंसान से ग़ैर-ए-इंसान की मोहब्बत! यानी टेरेज़ा की कैरनीन से मोहब्बत जो अस्ल में एक कुतिया होती है और जिससे टेरेज़ा बहुत मोहब्बत करती है। ये एक बेलौस मोहब्बत की बेहतरीन मिसाल है। ये एक ऐसी मोहब्बत है जहाँ कोई उम्मीद या तवक़्क़ो नहीं पाई जाती है, बल्कि चाहने और चाहे जाने के अमल में अपने साथी को उसके असली रूप में क़ुबूल करने की ज़रूरत का इदराक अता करती है। इस ख़ूबसूरत रिश्ते में टेरेज़ा को महसूस होता है कि &ldquo;शायद हम इसलिए मोहब्बत करने से क़ासिर हैं कि हम मोहब्बत किए जाने के लिए तरसते हैं&rdquo; और उस पर एक जानवर के वसीले से ये राज़ खुलता है कि &ldquo;इंसान ख़ुश नहीं रह सकता। ख़ुशी दोहराए जाने की तमन्ना है&rdquo; और इन बातों को जानने के बाद टेरेज़ा की टॉमस के लिए मोहब्बत में इज़ाफ़ा हो जाता है।</p>\r\n\r\n<p>जिंसियत का इस्तेमाल या इज़हार हिंदुस्तानी और आलमी अदब के कई अहम नाविलों में देखने को मिलता है। नोबोकोव का लोलिता, जॉयस का यूलीसिस और लॉरेंस का लेडी चैटर्लीज़ लवर इसकी बेहतरीन मिसालें हैं। लेकिन इंसानी शहवानियत या जिंसी मिलाप के मनाज़िर के हवाले से जो काम कुंडेरा ने लिया है, वो अपनी मिसाल आप है। नॉवेल में टॉमस, टेरेज़ा, सबीना और फ़्रांज़ की ज़िंदगियों के जिंसी पहलुओं को वुजूदी कश्मकश की बुनियादों पर बयान किया गया है।</p>\r\n\r\n<p>टॉमस नॉवेल में एक प्लेब्वॉय की सूरत में दाख़िल होता है और तीन के उसूल की पाबंदी के साथ अपनी माशूक़ाओं और ख़्वातीन दोस्तों से तअल्लुक़ क़ायम करता है। टेरेज़ा की आमद से दस बरस पहले जब उसने अपनी बीवी को तलाक़ दी, उसके मां-बाप ने भी उसकी मज़म्मत करते हुए उससे रिश्ता ख़त्म कर लिया। ये हादिसात उसके अंदर औरत से ख़ौफ़ छोड़ गए। उसे उन सबकी ख़्वाहिश तो होती लेकिन ख़ौफ़ भी आता। दरअस्ल ये सिलसिला ख़ौफ़ और ख़्वाहिश के तवाज़ुन को बरक़रार रखने के लिए अमल में लाया गया था जो बाद में उसकी शिनाख़्त का हिस्सा बन गया और जिसके बारे में उसके दोस्तों, चाहने वालियों और माशूक़ाओं के सिवा कोई भी नहीं जानता था।</p>\r\n\r\n<p>उसने इस &lsquo;शहवानी दोस्ती&rsquo; को मोहब्बत से पाक रखने के लिए जज़्बात से ख़ाली, किसी के हुक़ूक़ तलफ़ किए बग़ैर और किसी की आज़ादी में दाख़िल हुए बग़ैर तअल्लुक़ बनाना शुरू कर दिए। वो उनसे सोहबत करता और सोहबत के बाद उसे तन्हाई की शदीद ख़्वाहिश होती। किसी के साथ सारी रात गुज़ारना, सुब्ह को उसी के पहलू में बेदार होना उसे बद-ज़ौक़ी और बेज़ार-कुन लगता! टेरेज़ा वो वाहिद पैमाना थी जिसने टॉमस को इस हक़ीक़त से आगाह किया कि मोहब्बत और जुफ़्ती दो अलग-अलग चीज़ें हैं। जुफ़्ती दरअस्ल सैंकड़ों औरतों से मिलाप की ख़्वाहिश थी और मोहब्बत वो ख़्वाहिश थी जो एक औरत तक महदूद थी। ये वो इशारा है जो हमें टॉमस की सूरत-ए-हाल बताता है कि वो वुजूद के हल्केपन से महज़ूज़ होना चाहता था, होता भी था, मोहब्बत उसके लिए भारी थी, जिससे वो हमेशा थक जाता था, लेकिन क़ाबिल-ए-दीद बात ये है कि कुंडेरा हमें मोहब्बत के हल्के और भारी होने के बारे में भी बताता है। टॉमस के वुजूदी बोहरान का एक एक पहलू ये था कि टेरेज़ा से ज़ियादा मोहब्बत करने के बाद भी वो दूसरी औरतों के लिए अपनी तलब को क़ाबू करने की ताक़त से महरूम था। एक मक़ाम पर टॉमस को अहसास होता है कि औरतों की तलब वो ज़रूरत या ख़्वाहिश थी जिसने उसे ग़ुलाम बना लिया था और इसलिए ही वो सारी ज़िंदगी निसाई सुकून के लिए तरसता रहा था। वो मोहब्बत ही थी जिसने टॉमस को ये अहसास दिलाया कि टेरेज़ा के साथ होने के बावुजूद सबीना या किसी दूसरी औरत से किसी भी क़िस्म का रिश्ता दरअस्ल ना-इंसाफ़ी है।</p>\r\n\r\n<p>कुंडेरा औरत और मर्द के जिंसी तअल्लुक़ को &ldquo;मुबाशरत, शहवत, जुफ़्ती&rdquo; जैसे अल्फ़ाज़ के सहारे मारिज़-ए-बयान में लाता है। वो फ़्रांज़ की जिंसी और वुजूदी सूरत-ए-हाल के हवाले से हमें बताता है कि फ़्रांज़ जिंसी अमल करते हुए वुजूद की अमीक़ गहराइयों में मौजूद तारीकी की दबीज़ तहों में उतरता चला जाता है और सिर्फ़ तहलील ही नहीं होता बल्कि बाहर से भी कम होता जाता है। वुजूद की ये वही तारीकी या अंधेरा है जो हमें इदराक फ़राहम करता है कि &ldquo;अगर तुम्हें ला-महदूद की तलाश है तो बस अपनी आँखें बंद कर लो।&rdquo; मुक़ारबत के दौरान वो अपनी आँखें बंद कर लेता है जो तारीकी की तरफ़ उसके अज़ली रुजहान का इस्तिआरा है और जैसा कि कुंडेरा हमें बताता है कि इस्तिआरे ख़तरनाक होते हैं। यहीं सबीना की बसारत उसकी बंद आँखों से ना-इत्तिफ़ाक़ी ज़ाहिर करती है, वो बसारत जो दरअस्ल ज़िंदगी की एक शक्ल थी।</p>\r\n\r\n<p>टॉमस जो अस्ल में एक बेहतरीन सर्जन रहा है, वो अपनी ज़िंदगी में दस बरसों पर मुश्तमिल अरसे को सिर्फ़ इंसानी ज़ेहन पर मर्कूज़ करता है और जानता है कि इंसानी &lsquo;मैं&rsquo; से ज़ियादा ना-क़ाबिल-ए-फ़हम कुछ भी नहीं। &ldquo;आदाद के इस्तेमाल से हम कह सकते हैं कि दस लाख में से सिर्फ़ एक हिस्सा फ़र्क़ है जबकि नौ लाख, निनानवे हज़ार नौ सौ निनानवे हिस्से मुश्तरक हैं।&rdquo; यहाँ टॉमस के जिंसी ख़ब्त का भेद खुलता है कि टॉमस को औरतों का ख़ब्त नहीं था बल्कि वो तो ये जानना चाहता था कि वो चीज़ जो तसव्वुर से परे, ग़ैर-वाज़ेह या इज़हार से मावरा है, आख़िर है क्या? अब सवाल ये पैदा होता है कि फिर जिंसी अमल ही में क्यों तलाश करना है? तो इसका जवाब यूँ है कि ये फ़र्क़ इंसानी वुजूद के हर हिस्से में मौजूद तो होता है लेकिन जिंस के अलावा हर हिस्से में वाज़ेह होता है और जिंसियत ही में सबसे क़ीमती होता है। चूँकि ये नज़र नहीं आता, इसलिए उसे तलाश करना पड़ता है, वाक़िअतन फ़त्ह करना पड़ता है, और जिंसियत ही में औरत की &lsquo;मैं&rsquo; छुपी हुई होती है।</p>\r\n\r\n<p>टॉमस ने जिन औरतों से सोहबत की थी, उनकी तादाद ख़ासी बड़ी थी। एक औरत के बारे में वो बस यही सोचता रहा था कि कि अगर वो मुबाशरत करें तो वो कैसी होगी और वो किसी मंज़र का तसव्वुर ही नहीं कर सका। ये एक दराज़-क़द औरत थी और जिसने उसके हुक्म पर जवाबी हुक्म दिया था कि पहले लिबास तुम उतारो। फिर टॉमस ने उसके साथ जिंसी अमल में जो तजरिबा किया था उसमें अनाड़ीपन और जोश की मिक़दार ज़ियादा थी। हालांकि दूसरी बातें भी उसने दरयाफ़्त कीं।</p>\r\n\r\n<p>एक दूसरी औरत ने उसे बताया कि उसे तलज़्ज़ुज़ नहीं बल्कि मसर्रत चाहिए, मसर्रत जो तशद्दुद की भी मुतक़ाज़ी थी। ये वो औरत थी जिसने टॉमस की शायराना याद के दरवाज़े पर दस्तक दी थी लेकिन दरवाज़ा बहुत साल पहले ही बंद हो चुका था क्योंकि टेरेज़ा उसमें अपने अलफ़ाज़ दाख़िल कर चुकी थी।</p>\r\n\r\n<p>एक तीसरी औरत जिसकी ख़्वाहिश थी कि टॉमस अपने चेहरे और सर के मक़ाम से उससे मुबाशरत करे, और वो उसके चेहरे पर बैठ गई थी। टॉमस जिंसी अमल के दौरान अपनी आँखें खुली रखता और लज़्ज़त की हर तरंग पर मस्त होता। दरअस्ल आँखें खुली होने का मानी था वो मानूस रौशनी जो उसकी कशिश का मरकज़ था। जिसके तअक़्क़ुब में वो बे-तरह दीवानावार दौड़ लगाया करता था और जो उसकी दस्तरस से बाहर थी। ये वही रौशनी थी जिसे वो फ़त्ह नहीं कर सका था यानी वो ना-क़ाबिल-ए-तस्ख़ीर &lsquo;मैं&rsquo; जो फ़र्क़ की सूरत में दस लाख में से कोई एक हिस्सा था।</p>\r\n\r\n<p>नॉवेल में कुंडेरा ने ग़लत-फ़हमियों के बाब में भी बहुत कुछ लिखा है। टेरेज़ा शुरुआत ही से ग़लत-फ़हमियों का शिकार रहती है। वो सोचती है कि टॉमस से उसके तअल्लुक़ की बुनियाद ही एक ग़लत-फ़हमी पर थी। जब वो आई थी, उसकी</p>\r\n\r\n<p>&nbsp;&nbsp;</p>\r\n'),
(7, 'uploads/blogs/Artboard-1-1-200x224.jpg', 'Let’s count them words!', 'Let’s count them words!', 'Parvez Khan', '2025-07-19', '14:06:00', '<p><strong>Let&rsquo;s count them words!</strong></p>\r\n\r\n<p>Every word has a story and all stories are made of words. This story is about counting words.</p>\r\n\r\n<p>Can we count how many unique words there are in Urdu?&nbsp;</p>\r\n\r\n<p>Well, RekhtaDictionary has more than 3.5 lakh of them. That&rsquo;s an overwhelming number. These words include compound words, idioms and phrases. Also a lot of them are grammatical or dialect-based variations of one another.</p>\r\n\r\n<p>So, maybe we should ask a more practical question: how many unique words have been used in Urdu Poetry? In all the&nbsp;<em>ghazals</em>&nbsp;that we have in rekhta, there are roughly 65 thousand unique words used by all the poets. Some of them are used quite frequently and some are seldom used.</p>\r\n\r\n<p>We asked the computer to take all the ghazals and count how many times each word has been used in this corpus. It only took a few seconds to do that. Then we asked which is the most commonly occurring word in Urdu Poetry, hoping to gain some groundbreaking insight with the answer. The computer replied and the answer was&hellip;totally anti-climatic! Can you guess what it is? Well, it is &lsquo;hai / है /ہے&rsquo;. Not quite profound, eh? We were not exactly interested in words like hai. So let us ignore them.&nbsp;</p>\r\n\r\n<p>Such words which are used so often in a language, are typically filtered out in most Natural Language Processing contexts, and also have a name: &lsquo;<a href=\"https://en.wikipedia.org/wiki/Stop_word\">stop-words</a>&rsquo;. So we set out to find a list of stop words for Urdu on the internet, but could not find a decent one. No worries, we can make our own list of stop words. Sorting the list of words by occurrence, and manually picking out these stop words, we made this&nbsp;<a href=\"https://github.com/rekhtalabs/urdustopwords\">list</a>, which is publicly published just in case any Urdu NLP researcher finds it useful. It mainly consists of common auxiliary verbs, pronouns and prepositions. After this tangent, let us go back to our original question.</p>\r\n\r\n<p>Which word, except for these stop-words, is the most commonly used word in Urdu Poetry? Try to guess once again please.</p>\r\n\r\n<p>The answer: dil / दिल /دِل</p>\r\n\r\n<p>Makes sense, right? Now we are getting somewhere! Which is the second most used word? It is Gam / ग़म /غم . Right on! Confirms the stereotype! Looks like we are onto something.&nbsp;</p>\r\n\r\n<p>Here are the 50 most common words ignoring stop words and verbs in ghazals: dil, Gam, aa.nkh, nazar, baat, zindagii, ishq, duniyaa, mohabbat, yaad, raat, din, KHudaa, KHvaab, shab, shahr, dard, rang, log, vaqt, dar, gul, husn, naam, safar, havaa, haath, raah, vafaa, shaam, jaan, yaar, KHaak, umr, kaam, phuul, dam, haal, KHabar, duur, roz, may, KHayaal, manzil, dariyaa, shauq, suurat, lab, bahaar, zaKHm.</p>\r\n'),
(8, 'uploads/blogs/Rahat indori Biography Banner.png', 'Rahat Indori biography in hindi', 'Rahat Indori biography in hindi', 'Sartaz Razvi', '2025-07-19', '14:07:00', '<p>राहत इंदौरी: विस्तृत जीवनी</p>\r\n\r\n<p>डॉ. राहत इंदौरी (वास्तविक नाम: राहत कुरैशी) एक भारतीय उर्दू कवि, चित्रकार, गीतकार, और बॉलीवुड के जाने-माने शायर थे। उनका जन्म 1 जनवरी 1950 को मध्य प्रदेश के इंदौर में हुआ था। उनकी क्रांतिकारी और बेबाक शायरी ने उन्हें न केवल भारत में बल्कि दुनिया भर के उर्दू प्रेमियों के बीच एक विशेष स्थान दिलाया।</p>\r\n\r\n<p>&nbsp;</p>\r\n\r\n<h3>प्रारंभिक जीवन और शिक्षा</h3>\r\n\r\n<p>&nbsp;</p>\r\n\r\n<p>राहत इंदौरी का बचपन संघर्षों से भरा था। उनके पिता, रफ़तुल्लाह कुरैशी, एक कपड़ा मिल में काम करते थे। घर की आर्थिक स्थिति अच्छी नहीं थी, इसलिए उन्हें बचपन में ही काम करना पड़ा। 10 साल की उम्र में उन्होंने साइनबोर्ड पेंटिंग का काम शुरू किया। दिन में वे स्कूल जाते थे और रात में पेंटिंग करके परिवार की मदद करते थे।</p>\r\n\r\n<p>उन्होंने अपनी प्रारंभिक शिक्षा नूतन स्कूल, इंदौर से पूरी की। इसके बाद, उन्होंने इस्लामिया करीमिया कॉलेज, इंदौर से 1973 में स्नातक की उपाधि प्राप्त की। 1975 में, उन्होंने बरकतउल्लाह विश्वविद्यालय, भोपाल से उर्दू साहित्य में एम.ए. किया। 1985 में, उन्होंने मध्य प्रदेश के भोज मुक्त विश्वविद्यालय से उर्दू साहित्य में पीएचडी की उपाधि हासिल की। उनकी पीएचडी का विषय &quot;उर्दू में मुशायरे&quot; (Mushairas in Urdu) था।</p>\r\n\r\n<p>&nbsp;</p>\r\n\r\n<h3>शायरी का सफर</h3>\r\n\r\n<p>&nbsp;</p>\r\n\r\n<p>राहत इंदौरी ने अपनी शायरी में आम आदमी के दर्द, समाज की विसंगतियों और राजनीतिक कटाक्ष को दर्शाया। उनकी शायरी में क्रांति और विद्रोह की भावना स्पष्ट रूप से झलकती थी। वे अपनी ग़ज़लों और नज़्मों में सीधे-साधे शब्दों का इस्तेमाल करते थे, जो लोगों के दिलों को छू जाते थे। उनका अंदाज़-ए-बयां इतना प्रभावशाली था कि वे मुशायरों में दर्शकों को मंत्रमुग्ध कर देते थे।</p>\r\n\r\n<p>उनके कुछ सबसे प्रसिद्ध शेर और ग़ज़लें, जो आज भी लोगों की ज़ुबान पर हैं, वे इस प्रकार हैं:</p>\r\n\r\n<ul>\r\n	<li>\r\n	<p><strong>&quot;अगर ख़िलाफ़ हैं होने दो, जान थोड़ी है, ये सब धुआँ है, कोई आसमान थोड़ी है।&quot;</strong></p>\r\n	</li>\r\n	<li>\r\n	<p><strong>&quot;आँख में पानी रखो होंटों पे चिंगारी रखो, ज़िंदा रहना है तो तरकीबें बहुत सारी रखो।&quot;</strong></p>\r\n	</li>\r\n	<li>\r\n	<p><strong>&quot;बुलाती है मगर जाने का नहीं, ये दुनिया है इधर जाने का नहीं।&quot;</strong></p>\r\n	</li>\r\n</ul>\r\n\r\n<p>उन्होंने कई मशहूर किताबें भी लिखीं, जिनमें &quot;धूप बहुत है&quot;, &quot;मेरे बाद&quot;, &quot;चाँद पागल है&quot;, &quot;रुत&quot;, और &quot;नाराज़&quot; शामिल हैं। उनकी कविताओं का कई भाषाओं में अनुवाद भी हुआ।</p>\r\n\r\n<p>&nbsp;</p>\r\n\r\n<h3>बॉलीवुड में योगदान</h3>\r\n\r\n<p>&nbsp;</p>\r\n\r\n<p>राहत इंदौरी सिर्फ एक शायर ही नहीं, बल्कि एक सफल गीतकार भी थे। उन्होंने 1990 के दशक में हिंदी फिल्मों के लिए कई यादगार गाने लिखे। उनके कुछ सबसे मशहूर गाने हैं:</p>\r\n\r\n<ul>\r\n	<li>\r\n	<p><strong>&quot;तुम्हें कोई पसंद नहीं है&quot;</strong> (फ़िल्म: ख़ुद्दार)</p>\r\n	</li>\r\n	<li>\r\n	<p><strong>&quot;चोरी चोरी जब नज़रें मिली&quot;</strong> (फ़िल्म: करिश्मा)</p>\r\n	</li>\r\n	<li>\r\n	<p><strong>&quot;ये रिश्ता क्या कहलाता है&quot;</strong> (फ़िल्म: क्या कूल हैं हम)</p>\r\n	</li>\r\n	<li>\r\n	<p><strong>&quot;लगे रहो मुन्ना भाई&quot;</strong> (फ़िल्म: लगे रहो मुन्ना भाई)</p>\r\n	</li>\r\n</ul>\r\n\r\n<p>उनके गीतों में भी उनकी शायरी की तरह ही सादगी और गहरा संदेश होता था। वे अपने गीतों में भी ज़िंदगी की सच्चाइयों को बयां करते थे।</p>\r\n\r\n<p>&nbsp;</p>\r\n\r\n<h3>निधन</h3>\r\n\r\n<p>&nbsp;</p>\r\n\r\n<p>राहत इंदौरी का निधन 11 अगस्त 2020 को दिल का दौरा पड़ने से हो गया। वे COVID-19 से भी संक्रमित थे। उनका जाना भारतीय साहित्य और कला के लिए एक अपूरणीय क्षति थी। उनकी कविताएँ और विचार आज भी लाखों लोगों को प्रेरित करते हैं। उन्हें उनकी बेबाक आवाज़ और क्रांतिकारी शब्दों के लिए हमेशा याद किया जाएगा।</p>\r\n'),
(9, 'uploads/blogs/munawwar rana Biography Banner.png', 'Munawwar rana biography in hindi', 'Munawwar rana biography in hindi', 'Sartaz Razvi', '2025-07-19', '16:58:00', '<p>मुनव्वर राना: एक शायर, एक विचारक और एक युग का अंत<br />\r\nप्रस्तावना: एक शायर, एक पहचान, एक विरोधाभास<br />\r\nमुनव्वर राना (1952-2024) भारतीय उर्दू साहित्य के एक ऐसे स्तंभ थे, जिन्होंने अपनी कलम से ग़ज़ल की पारंपरिक परिपाटी को एक नई दिशा दी। 26 नवंबर 1952 को उत्तर प्रदेश के रायबरेली में जन्मे , और 14 जनवरी 2024 को निधन को प्राप्त हुए , राना की पहचान सिर्फ एक शायर के रूप में नहीं थी, बल्कि एक ऐसे कलाकार के रूप में थी जिसने अपने बेबाक अंदाज और सामाजिक-राजनीतिक मुद्दों पर तीखे विचारों से एक व्यापक पहचान बनाई । जहाँ ग़ज़लें आम तौर पर प्रेम और श्रृंगार के इर्द-गिर्द घूमती हैं, वहीं मुनव्वर राना ने अपनी माँ को अपनी शायरी का केंद्रीय विषय बनाकर एक सार्वभौमिक भावना को अभिव्यक्त किया। उनकी यही अनूठी शैली उन्हें समकालीन उर्दू कवियों से अलग करती है। &nbsp;&nbsp;</p>\r\n\r\n<p>यह रिपोर्ट मुनव्वर राना के जीवन की बहुआयामी शख्सियत को गहराई से समझने का प्रयास करती है। इसका उद्देश्य केवल उनके जीवन की घटनाओं का ब्योरा देना नहीं है, बल्कि उनके साहित्यिक योगदान, उनके बेबाक सार्वजनिक व्यक्तित्व और उनके इर्द-गिर्द पनपे विवादों के बीच के जटिल संबंधों का गहन विश्लेषण करना है। यह रिपोर्ट एक तरफ &#39;माँ&#39; की ममता को अपनी कलम से जीवंत करने वाले संवेदनशील कवि और दूसरी तरफ सामाजिक-राजनीतिक मुद्दों पर मुखरता से अपनी राय रखने वाले निर्भीक व्यक्तित्व के बीच के विरोधाभासों को उजागर करेगी।</p>\r\n\r\n<p>प्रारंभिक जीवन और पारिवारिक पृष्ठभूमि: विभाजन की छाया में एक अटूट रिश्ता<br />\r\nमुनव्वर राना का जन्म 26 नवंबर 1952 को उत्तर प्रदेश के रायबरेली जिले के एक गाँव में हुआ था । उनके पिता का नाम अनवर राना और माता का नाम आयशा खातून था । उनका बचपन एक ऐसे दौर में बीता, जिसकी छाया 1947 के भारत-पाकिस्तान विभाजन के दर्द से घिरी हुई थी। यह एक ऐसा समय था जब उनके कई करीबी रिश्तेदार, जिनमें चाचा-चाची और दादी शामिल थीं, और उनके दोस्त भी भारत छोड़कर पाकिस्तान चले गए । हालाँकि, उनके परिवार ने भारत के प्रति अपने गहरे प्रेम और अपनी मिट्टी से अटूट लगाव के कारण यहीं रहने का फैसला किया । &nbsp;&nbsp;</p>\r\n\r\n<p>उनके पिता का यह निर्णय केवल एक पारिवारिक पसंद नहीं था, बल्कि एक गहरी देशभक्ति और अपनी मातृभूमि के प्रति कर्तव्य का प्रतीक था । इस ऐतिहासिक घटना ने उनके व्यक्तित्व की नींव रखी। यह निर्णय मुनव्वर राना के भीतर देश के प्रति एक गहरा लगाव पैदा कर गया, जो बाद में उनकी शायरी में &quot;माँ&quot; और &quot;मातृभूमि&quot; (ज़मीन) के रूप में सामने आया। उनकी ग़ज़लों में &quot;माँ&quot; का जिक्र केवल एक व्यक्तिगत और पारिवारिक स्मृति के रूप में नहीं था, बल्कि एक राष्ट्रीय और सांस्कृतिक पहचान के प्रतीक के रूप में भी था। उनके शेर, जैसे &quot;यहीं रहूँगा कहीं उम्र भर न जाऊँगा, ज़मीन माँ है इसे छोड़ कर न जाऊँगा&quot; , सीधे तौर पर इस संबंध को दर्शाते हैं। यह बताता है कि उनके लिए &quot;माँ&quot; का प्रेम अपनी मातृभूमि से प्रेम का पर्याय था। &nbsp;&nbsp;</p>\r\n\r\n<p>उनकी शुरुआती शिक्षा रायबरेली में हुई । इसके बाद उनका परिवार कोलकाता चला गया, जहाँ उनके पिता ने ट्रांसपोर्ट का व्यवसाय शुरू किया । कोलकाता में ही मुनव्वर राना ने उमेशचंद्र कॉलेज से अपनी स्नातक की डिग्री प्राप्त की । हालाँकि, कुछ स्रोतों में उनकी &quot;आला तालीम&quot; (उच्च शिक्षा) के बारे में &quot;कोई वाज सबूत&quot; नहीं होने का भी उल्लेख है । यह विरोधाभास उनकी औपचारिक शिक्षा के बारे में एक अस्पष्टता पैदा करता है, लेकिन उनके साहित्यिक कार्यों की गहराई को देखते हुए यह स्पष्ट है कि उनकी शिक्षा केवल औपचारिक डिग्री तक सीमित नहीं थी। &nbsp;&nbsp;</p>\r\n\r\n<p>साहित्यिक यात्रा और काव्यगत विशेषताएँ: ग़ज़ल की परिपाटी से परे<br />\r\nमुनव्वर राना की साहित्यिक यात्रा की सबसे बड़ी विशेषता उनका ग़ज़ल के पारंपरिक स्वरूप को चुनौती देना था। पारंपरिक रूप से ग़ज़ल का विषय &#39;इश्क़-ए-मजाज़ी&#39; (सांसारिक प्रेम) और &#39;इश्क़-ए-हक़ीक़ी&#39; (आध्यात्मिक प्रेम) पर केंद्रित होता है। राना ने इस परिपाटी को तोड़ते हुए अपनी ग़ज़लों का केंद्रीय विषय &#39;माँ&#39; को बनाया । उन्होंने एक बार खुद कहा था कि जब एक मामूली शक्ल की औरत उनकी महबूबा हो सकती है, तो उनकी माँ उनकी महबूब क्यों नहीं हो सकती? &nbsp;&nbsp;</p>\r\n\r\n<p>यह कदम सिर्फ साहित्यिक नवाचार नहीं था, बल्कि उनके व्यक्तिगत जीवन और विचारों का सीधा प्रतिबिंब था। यह दर्शाता है कि उनकी शायरी उनके जीवन और मूल्यों से गहराई से जुड़ी हुई थी। &quot;माँ&quot; जैसे सार्वभौमिक विषय ने उनकी शायरी को उर्दू तक सीमित नहीं रहने दिया, बल्कि हिंदी और अन्य भाषाओं के पाठकों तक भी पहुँचाया । उनकी कविताएँ आम लोगों की जुबान पर चढ़ गईं और सोशल मीडिया पर खूब साझा की जाने लगीं । उनकी लोकप्रियता का यह एक प्रमुख कारण था। &nbsp;&nbsp;</p>\r\n\r\n<p>उनकी &quot;माँ&quot; पर लिखी ग़ज़लों में ममता, त्याग और निस्वार्थ प्रेम की भावनाएँ स्पष्ट रूप से झलकती हैं। उनके कुछ मशहूर शेर इस प्रकार हैं:</p>\r\n\r\n<p>&quot;चलती फिरती हुई आँखों से अज़ाँ देखी है, मैंने जन्नत तो नहीं देखी है माँ देखी है।&quot; यह शेर माँ को स्वर्ग के समान बताता है, जो उनके आध्यात्मिक महत्व को दर्शाता है । &nbsp;&nbsp;</p>\r\n\r\n<p>&quot;इस तरह मेरे गुनाहों को वो धो देती है, माँ बहुत गुस्से में होती है तो रो देती है।&quot; यह शेर माँ के निस्वार्थ प्रेम और क्षमाशीलता को दर्शाता है, जो अपने बच्चों की गलतियों पर भी क्रोध के बजाय आँसू बहाती है । &nbsp;&nbsp;</p>\r\n\r\n<p>&quot;किसी को घर मिला हिस्से में या कोई दुकाँ आई, मैं घर में सब से छोटा था मेरे हिस्से में माँ आई।&quot; यह शेर एक बेटे के लिए माँ को सबसे अनमोल संपत्ति और विरासत के रूप में चित्रित करता है । &nbsp;&nbsp;</p>\r\n\r\n<p>मुनव्वर राना ने ग़ज़लों के अलावा संस्मरण भी लिखे थे । उनकी एक दर्जन से अधिक पुस्तकें प्रकाशित हो चुकी हैं । उनकी प्रमुख कृतियों में &#39;माँ&#39;, &#39;ग़ज़ल गाँव&#39;, &#39;पीपल छाँव&#39; और &#39;नीम के फूल&#39; शामिल हैं । उनकी कविता &#39;शाहदाबा&#39; के लिए उन्हें सन् 2014 में साहित्य अकादमी पुरस्कार से सम्मानित किया गया था । &nbsp;&nbsp;</p>\r\n\r\n<p>पुरस्कार और सम्मान: पहचान और विरोध की पराकाष्ठा<br />\r\nमुनव्वर राना का जीवन पुरस्कारों और सम्मानों से भरा रहा। उन्हें उनके साहित्यिक योगदान के लिए विभिन्न संस्थाओं द्वारा सम्मानित किया गया। उनके कुछ प्रमुख पुरस्कारों की सूची निम्नलिखित है:</p>\r\n\r\n<p>तालिका 1: मुनव्वर राना के प्रमुख पुरस्कार और सम्मान</p>\r\n\r\n<p>अवार्ड का नाम&nbsp;&nbsp; &nbsp;वर्ष&nbsp;&nbsp; &nbsp;संस्था/स्थान<br />\r\nसाहित्य अकादमी पुरस्कार&nbsp;&nbsp; &nbsp;2014&nbsp;&nbsp; &nbsp;भारत सरकार<br />\r\nअमीर ख़ुसरो अवार्ड&nbsp;&nbsp; &nbsp;2006&nbsp;&nbsp; &nbsp;इटावा<br />\r\nकविता का कबीर सम्मान उपाधि&nbsp;&nbsp; &nbsp;2006&nbsp;&nbsp; &nbsp;इंदौर<br />\r\nमीर तक़ी मीर अवार्ड&nbsp;&nbsp; &nbsp;2005&nbsp;&nbsp; &nbsp;-<br />\r\nशहूद आलम आफकुई अवार्ड&nbsp;&nbsp; &nbsp;2005&nbsp;&nbsp; &nbsp;कोलकाता<br />\r\nग़ालिब अवार्ड&nbsp;&nbsp; &nbsp;2005&nbsp;&nbsp; &nbsp;उदयपुर<br />\r\nडॉ॰ जाकिर हुसैन अवार्ड&nbsp;&nbsp; &nbsp;2005&nbsp;&nbsp; &nbsp;नई दिल्ली<br />\r\nसरस्वती समाज अवार्ड&nbsp;&nbsp; &nbsp;2004&nbsp;&nbsp; &nbsp;-<br />\r\nमाटी रत्न अवार्ड&nbsp;&nbsp; &nbsp;2012&nbsp;&nbsp; &nbsp;शहीद शोध संस्थान</p>\r\n\r\n<p>Export to Sheets<br />\r\n&nbsp;&nbsp;&nbsp;</p>\r\n\r\n<p>उनके जीवन का एक महत्वपूर्ण मोड़ तब आया जब उन्होंने अपना साहित्य अकादमी पुरस्कार लौटाने का निर्णय लिया। उन्हें यह पुरस्कार 2014 में उनकी कविता &#39;शाहदाबा&#39; के लिए मिला था । एक समय में उन्होंने सम्मान लौटाने वाले साहित्यकारों को &#39;थके हुए लोग&#39; कहा था । लेकिन बाद में, उन्होंने खुद ही एक टीवी चैनल के लाइव शो में 1 लाख रुपये का चेक और शील्ड वापस करने का ऐलान किया । &nbsp;&nbsp;</p>\r\n\r\n<p>पुरस्कार वापसी का यह निर्णय देश में &#39;बढ़ती असहिष्णुता&#39; के खिलाफ एक प्रतीकात्मक विरोध था। यह दादरी में अखलाक की हत्या और गोविंद पनसारे व कलबुर्गी जैसे लेखकों की हत्या के विरोध में शुरू हुए एक व्यापक साहित्यिक आंदोलन का हिस्सा था । लाइव टीवी पर पुरस्कार लौटाने का उनका निर्णय महज एक घटना नहीं था, बल्कि एक सार्वजनिक घोषणा थी, जिसने उनके कलाकार व्यक्तित्व से हटकर एक राजनीतिक और सामाजिक रूप से जागरूक नागरिक की भूमिका को दर्शाया। यह बताता है कि मुनव्वर राना ने अपनी राय को सार्वजनिक मंच पर मुखरता से व्यक्त करने में कभी संकोच नहीं किया। &nbsp;&nbsp;</p>\r\n\r\n<p>सार्वजनिक व्यक्तित्व और विवाद: एक बेबाक और निर्भीक अंदाज़<br />\r\nमुनव्वर राना अपने बेबाक और निर्भीक अंदाज़ के लिए जाने जाते थे, जिसकी झलक न केवल उनकी शायरी में, बल्कि उनके सार्वजनिक बयानों में भी मिलती थी । उनके ये बयान अक्सर सुर्ख़ियों में रहे और कई बार विवादों को जन्म दिया। &nbsp;&nbsp;</p>\r\n\r\n<p>उनके सबसे चर्चित और विवादास्पद बयानों में से एक फ्रांस में पैगंबर मुहम्मद के आपत्तिजनक कार्टूनों पर हुए हमले को सही ठहराना था। 2020 में, उन्होंने तर्क दिया कि &#39;अगर मज़हब माँ के जैसा है&#39; और कोई आपकी माँ या धर्म का बुरा कार्टून बनाता है तो व्यक्ति ऐसा करने को मजबूर है । इस बयान के लिए लखनऊ में उनके खिलाफ सामाजिक वैमनस्य फैलाने और शांति भंग करने के आरोप में एफआईआर भी दर्ज की गई थी । इसके अतिरिक्त, उन्होंने राजनीतिक मुद्दों पर भी तीखी टिप्पणियाँ कीं, जिसमें उत्तर प्रदेश के तत्कालीन चुनाव से पहले योगी आदित्यनाथ और प्रधानमंत्री मोदी पर की गई विवादास्पद टिप्पणियाँ भी शामिल थीं । &nbsp;&nbsp;</p>\r\n\r\n<p>यह उनके व्यक्तित्व में एक गहरा विरोधाभास प्रस्तुत करता है। एक तरफ, उन्होंने अपनी शायरी में &quot;माँ&quot; की ममता, क्षमाशीलता और त्याग को चित्रित किया , वहीं दूसरी तरफ, वही व्यक्ति हिंसा को यह कहकर सही ठहराता है कि यह &#39;गुस्से में&#39; की गई कार्रवाई है । यह विरोधाभास उनकी दो अलग-अलग पहचानों को सामने लाता है&mdash;एक निजी, संवेदनशील शायर और एक सार्वजनिक, राजनीतिक कार्यकर्ता। यह संभव है कि वे &quot;माँ&quot; के प्रेम को धर्म और राष्ट्र के प्रति प्रेम के साथ जोड़कर देखते थे, और इन विषयों पर किसी भी तरह के अपमान को &quot;माँ&quot; के अपमान के समान मानते थे। यह दृष्टिकोण उनके व्यक्तित्व की जटिलता और उनके विचारों की गहराई को उजागर करता है। &nbsp;&nbsp;</p>\r\n\r\n<p>अंतिम वर्ष और विरासत: बीमारी, निधन और अमरता<br />\r\nमुनव्वर राना का जीवन के अंतिम वर्ष स्वास्थ्य संबंधी गंभीर चुनौतियों से भरे रहे। वे लंबे समय से कई बीमारियों से जूझ रहे थे, जिनमें गले का कैंसर, किडनी की गंभीर बीमारी और फेफड़ों की गंभीर बीमारी (Chronic Obstructive Pulmonary Disease - COPD) शामिल थीं । पिछले दो साल से उनकी किडनी खराब होने के कारण उनका लगातार डायलिसिस चल रहा था । &nbsp;&nbsp;</p>\r\n\r\n<p>उनका निधन 14 जनवरी 2024 को लखनऊ के पीजीआई अस्पताल में 71 वर्ष की उम्र में हुआ । उनकी मृत्यु का कारण दिल का दौरा (कार्डियक अरेस्ट) था । परिवार में उनकी पत्नी, पाँच बेटियां और एक बेटा है । हालाँकि, कुछ स्रोतों में चार बेटियों का भी उल्लेख है । उनके बेटे तबरेज और बेटी फौजिया के बयानों से यह स्पष्ट होता है कि वे लंबे समय से बीमार थे और उनकी हालत लगातार बिगड़ रही थी । उनकी मृत्यु किसी एक बीमारी के कारण नहीं, बल्कि कई पुरानी और गंभीर बीमारियों के संचयी प्रभाव के कारण हुई, जो अंततः दिल के दौरे का कारण बनी। &nbsp;&nbsp;</p>\r\n\r\n<p>उनका निधन उनके जीवन का एक शारीरिक अंत था, लेकिन उनकी साहित्यिक विरासत, खासकर &#39;माँ&#39; पर लिखी उनकी शायरी, उन्हें अमर बना देगी। उनके काम की प्रासंगिकता और लोकप्रियता, जो उर्दू से परे हिंदी भाषियों तक भी पहुँची, यह सुनिश्चित करती है कि जब-जब माँ के प्रेम और त्याग पर कोई कविता कही जाएगी, मुनव्वर राना की शायरी को हमेशा याद किया जाएगा । उनकी विरासत उन लाखों लोगों के दिलों में जीवित रहेगी, जिन्होंने उनकी ग़ज़लों में अपनी माँ की छवि देखी। &nbsp;&nbsp;</p>\r\n\r\n<p>निष्कर्ष: एक शायर, एक विचारक और एक युग का अंत<br />\r\nमुनव्वर राना एक साधारण ग़ज़लकार नहीं थे, बल्कि एक ऐसे कलाकार थे जिन्होंने अपनी कला के माध्यम से समाज से संवाद किया। उनकी विरासत मुख्य रूप से &#39;माँ&#39; पर उनकी शायरी में निहित है, जिसने ग़ज़ल की दुनिया को एक नई दिशा दी और एक सार्वभौमिक भावना को अभिव्यक्ति दी। उनकी पहचान एक संवेदनशील कवि और एक विवादास्पद सार्वजनिक व्यक्तित्व के जटिल मिश्रण में निहित है। उन्होंने अपनी कला में प्रेम और कोमलता को दर्शाया, जबकि अपने बयानों में तीखेपन और निर्भीकता को नहीं छोड़ा।</p>\r\n\r\n<p>मुनव्वर राना को उनकी कला और उनके बयानों, दोनों के साथ ही समझा जाना चाहिए। वे अपनी कविता और जीवन के बीच के विरोधाभासों के कारण ही इतने यादगार और महत्वपूर्ण बने रहेंगे। उनका जीवन यह दर्शाता है कि एक कलाकार अपनी कला में कितना भी संवेदनशील हो सकता है, लेकिन समाज के मुद्दों पर उसकी चुप्पी ज़रूरी नहीं है। उन्होंने अपनी कलम और जुबान, दोनों से अपने विचारों को व्यक्त किया और इस तरह एक युग का अंत किया, जिसने अपनी शर्तों पर जीवन जिया और कला का सृजन किया।</p>\r\n'),
(10, 'uploads/blogs/joun Biography Banner.png', 'jaun elia biography in hindi ', 'jaun elia biography in hindi', 'Sartaz Razvi', '2025-07-19', '17:15:00', '<h1>जौन एलिया की जीवनी</h1>\r\n\r\n<p>&nbsp;</p>\r\n\r\n<p>जौन एलिया (Jaun Elia), जिनका असली नाम सैयद हुसैन सिब्ते असगर नकवी था, उर्दू के एक ऐसे शायर थे जिनकी शायरी में विद्रोह, अकेलापन और अस्तित्व का गहरा बोध झलकता है। 14 दिसंबर 1931 को उत्तर प्रदेश के <strong>अमरोहा</strong> में जन्मे जौन एलिया ने अपनी पूरी ज़िंदगी शायरी और फ़लसफ़े के नाम कर दी।</p>\r\n\r\n<p>&nbsp;</p>\r\n\r\n<h3><strong>शुरुआती जीवन और शिक्षा</strong></h3>\r\n\r\n<p>&nbsp;</p>\r\n\r\n<p>जौन एलिया का परिवार साहित्य से गहरा जुड़ा हुआ था। उनके पिता शफीक हसन एलिया, एक विद्वान थे और उनके बड़े भाई <strong>रईस अमरोहवी</strong> भी एक मशहूर शायर थे। जौन एलिया बचपन से ही बहुत तेज दिमाग के थे और उन्होंने अरबी, फ़ारसी, उर्दू और अंग्रेज़ी के साथ-साथ दर्शनशास्त्र (Philosophy) और तर्कशास्त्र (Logic) की भी गहरी पढ़ाई की। हालाँकि, भारत के विभाजन ने उनके जीवन पर गहरा असर डाला। वो शुरुआत में विभाजन के सख़्त ख़िलाफ़ थे, लेकिन 1957 में उन्हें पाकिस्तान जाना पड़ा। इस घटना ने उनके अंदर एक स्थायी उदासी और अलगाव का एहसास भर दिया, जो बाद में उनकी शायरी का मुख्य विषय बन गया।</p>\r\n\r\n<p>&nbsp;</p>\r\n\r\n<h3><strong>शायरी का अंदाज़ और फ़लसफ़ा</strong></h3>\r\n\r\n<p>&nbsp;</p>\r\n\r\n<p>जौन एलिया को &quot;परंपरा को तोड़ने वाला शायर&quot; कहा जाता है। उनकी शायरी में पारंपरिक प्रेम की बजाय आधुनिकता का संकट, अकेलेपन का दर्द और इंसान के अस्तित्व से जुड़े सवाल ज़्यादा मिलते हैं। उनके शे&#39;रों में एक बागीपन और तल्ख़ अंदाज़ है जो उन्हें उनके समकालीन शायरों से अलग करता है।</p>\r\n\r\n<p>जौन एलिया की शायरी के प्रमुख विषय:</p>\r\n\r\n<ul>\r\n	<li>\r\n	<p><strong>अकेलापन और उदासी:</strong> उनके कई शे&#39;रों में दिल टूटने और अकेलेपन का दर्द साफ़ झलकता है। वो अक्सर अपनी शायरी में एक काल्पनिक महबूबा &#39;सोफिया&#39; का ज़िक्र करते हैं, जो उनके अंदर की तन्हाई को दिखाता है।</p>\r\n	</li>\r\n	<li>\r\n	<p><strong>अस्तित्ववाद (Existentialism):</strong> वो अपनी शायरी में जीवन के उद्देश्य, इंसान की पहचान और दुनिया के बेतुकेपन जैसे दार्शनिक विषयों पर बात करते हैं। उनका नज़रिया अक्सर निराशावादी और विद्रोही होता था।</p>\r\n	</li>\r\n	<li>\r\n	<p><strong>राजनीतिक विद्रोह:</strong> जिया-उल-हक की तानाशाही के दौर में उन्होंने पूंजीवाद और धार्मिक पाखंड के ख़िलाफ़ भी लिखा। इसी कारण, कवि कुमार विश्वास ने उन्हें &quot;शायरी का <strong>चे ग्वेरा</strong>&quot; कहा था, क्योंकि दोनों ही अपने बाग़ी अंदाज़ और व्यवस्था के ख़िलाफ़ लड़ने की सोच के लिए जाने जाते हैं।</p>\r\n	</li>\r\n</ul>\r\n\r\n<p>&nbsp;</p>\r\n\r\n<h3><strong>प्रमुख रचनाएँ</strong></h3>\r\n\r\n<p>&nbsp;</p>\r\n\r\n<p>जौन एलिया की ज़्यादातर किताबें उनकी मौत के बाद ही प्रकाशित हुईं, यही वजह है कि उन्हें असल लोकप्रियता उनकी मौत के बाद ही मिली। उनकी कुछ प्रमुख रचनाएँ हैं:</p>\r\n\r\n<ul>\r\n	<li>\r\n	<p><strong>शायद (Shayad):</strong> यह उनका पहला संग्रह है जो 1991 में प्रकाशित हुआ। इसमें अकेलेपन, नाकाम मोहब्बत और दुनिया की बेमायनी पर लिखी गई ग़ज़लें शामिल हैं।</p>\r\n	</li>\r\n	<li>\r\n	<p><strong>या&#39;नी (Ya&#39;ni):</strong> इस संग्रह में भी उनकी दार्शनिक और बागी शायरी की झलक मिलती है।</p>\r\n	</li>\r\n	<li>\r\n	<p><strong>गुमान (Guman):</strong> यह संग्रह उनकी निराशावादी सोच को दिखाता है।</p>\r\n	</li>\r\n</ul>\r\n\r\n<p>इनके अलावा, उनके प्रमुख संग्रहों में <strong>लेकिन (Lekin)</strong> और <strong>गोया (Goya)</strong> भी शामिल हैं।</p>\r\n\r\n<p>&nbsp;</p>\r\n\r\n<h3><strong>निजी जीवन और मौत</strong></h3>\r\n\r\n<p>&nbsp;</p>\r\n\r\n<p>जौन एलिया का निजी जीवन काफ़ी उतार-चढ़ाव भरा रहा। उन्होंने मशहूर लेखिका <strong>ज़ाहिदा हिना</strong> से शादी की, जिनसे बाद में उनका तलाक़ हो गया। तलाक़ के बाद वो बहुत दुखी और तन्हा रहने लगे, जिसका असर उनकी शायरी पर भी पड़ा। 8 नवंबर 2002 को लंबी बीमारी के बाद <strong>कराची</strong>, पाकिस्तान में उनका निधन हो गया।</p>\r\n\r\n<p>&nbsp;</p>\r\n\r\n<h3><strong>विरासत</strong></h3>\r\n\r\n<p>&nbsp;</p>\r\n\r\n<p>जौन एलिया को उनकी ज़िंदगी में वह पहचान नहीं मिल पाई जिसके वह हक़दार थे। लेकिन उनकी मौत के बाद उनकी शायरी तेज़ी से लोकप्रिय हुई, ख़ासकर नौजवानों में। उनकी शायरी सोशल मीडिया पर वायरल हुई, क्योंकि युवा उनकी बेबाक और बागी सोच से जुड़ाव महसूस करते थे। जौन एलिया आज भी उर्दू शायरी के सबसे प्रभावशाली और अनोखे शायरों में से एक माने जाते हैं, जिन्होंने अपनी शायरी को एक नई दिशा दी।</p>\r\n');

-- --------------------------------------------------------

--
-- Table structure for table `booking_ticket`
--

CREATE TABLE `booking_ticket` (
  `id` int(11) NOT NULL,
  `name` varchar(100) NOT NULL,
  `email` varchar(150) NOT NULL,
  `contact_number` varchar(15) NOT NULL,
  `performer_price` decimal(10,2) NOT NULL,
  `video_price` decimal(10,2) NOT NULL,
  `audience_price` decimal(10,2) NOT NULL,
  `location` varchar(255) DEFAULT NULL,
  `created_at` timestamp NULL DEFAULT current_timestamp()
) ENGINE=InnoDB DEFAULT CHARSET=utf8mb4 COLLATE=utf8mb4_unicode_ci;

--
-- Dumping data for table `booking_ticket`
--

INSERT INTO `booking_ticket` (`id`, `name`, `email`, `contact_number`, `performer_price`, `video_price`, `audience_price`, `location`, `created_at`) VALUES
(1, 'Alam', 'sukhanzarfoundation@gmail.com', '8868848218', 1.00, 0.00, 0.00, 'Online Booking', '2025-08-30 14:03:29'),
(2, 'Alam', 'sukhanzarfoundation@gmail.com', '8868848218', 1.00, 0.00, 0.00, 'Online Booking', '2025-08-30 14:04:28'),
(3, 'g', 'parvez47470@gmail.com', '', 0.00, 0.00, 0.00, 'Online Booking', '2025-08-30 15:10:24'),
(4, 'gvhj', 'parvez47470@gmail.com', '', 0.00, 0.00, 0.00, 'Online Booking', '2025-08-30 15:12:05'),
(5, 'mm', 'sukhanzarfoundation@gmail.com', '', 0.00, 0.00, 0.00, 'Online Booking', '2025-08-30 15:17:04'),
(6, 'xsa', 'saimhaider630@gmail.com', '', 0.00, 0.00, 0.00, 'Online Booking', '2025-08-30 15:39:43'),
(7, 's', 'parvez47470@gmail.com', '', 0.00, 0.00, 0.00, 'Online Booking', '2025-08-30 15:41:38'),
(8, 's', 'parvez47470@gmail.com', '8868848218', 0.00, 0.00, 0.00, 'Online Booking', '2025-08-30 15:43:44'),
(9, 'xsa', 'parvez47470@gmail.com', '8868848218', 0.00, 0.00, 0.00, 'Online Booking', '2025-08-30 15:53:44'),
(10, 'mm', 'parvez47470@gmail.com', '8868848218', 0.00, 0.00, 0.00, 'Online Booking', '2025-08-30 15:54:39');

-- --------------------------------------------------------

--
-- Table structure for table `comments`
--

CREATE TABLE `comments` (
  `id` int(11) NOT NULL,
  `blog_id` int(11) NOT NULL,
  `name` varchar(100) NOT NULL,
  `email` varchar(100) DEFAULT NULL,
  `comment` text NOT NULL,
  `created_at` datetime DEFAULT current_timestamp(),
  `status` enum('pending','approved') DEFAULT 'pending'
) ENGINE=InnoDB DEFAULT CHARSET=utf8mb4 COLLATE=utf8mb4_unicode_ci;

--
-- Dumping data for table `comments`
--

INSERT INTO `comments` (`id`, `blog_id`, `name`, `email`, `comment`, `created_at`, `status`) VALUES
(1, 6, 'Alam', 'sukhanzarfoundation@gmail.com', 'dsjjdjhjskjskjsk', '2025-07-19 12:12:27', 'pending'),
(2, 6, 'Alam', 'sukhanzarfoundation@gmail.com', 'ASZXC ', '2025-07-19 12:12:40', 'pending'),
(3, 6, 'Alam', 'sukhanzarfoundation@gmail.com', 'ASZXC ', '2025-07-19 12:16:21', 'approved'),
(4, 6, 'Alam', 'anjumanqatar2005@gmail.com', 'ddddddddddddddd', '2025-07-19 12:17:04', 'approved'),
(5, 6, 'Alam', 'anjumanqatar2005@gmail.com', 'ddddddddddddddd', '2025-07-19 12:22:12', 'approved'),
(6, 6, 'Alam', 'anjumanqatar2005@gmail.com', 'ddddddddddddddd', '2025-07-19 12:22:23', 'approved'),
(7, 6, 'Alam', 'anjumanqatar2005@gmail.com', 'ddddddddddddddd', '2025-07-19 12:22:56', 'approved'),
(8, 6, 'Alam', 'anjumanqatar2005@gmail.com', 'ddddddddddddddd', '2025-07-19 12:23:02', 'approved'),
(9, 6, 'Alam', 'anjumanqatar2005@gmail.com', 'ddddddddddddddd', '2025-07-19 12:23:51', 'approved'),
(10, 6, 'Alam', 'anjumanqatar2005@gmail.com', 'ddddddddddddddd', '2025-07-19 12:23:58', 'approved'),
(11, 10, 'Alam', 'sukhanzarfoundation@gmail.com', 'wow', '2025-07-27 17:33:39', 'approved');

-- --------------------------------------------------------

--
-- Table structure for table `poetry`
--

CREATE TABLE `poetry` (
  `id` int(11) NOT NULL,
  `poet_id` int(11) DEFAULT NULL,
  `sher` text DEFAULT NULL,
  `gazal` text DEFAULT NULL,
  `created_at` timestamp NULL DEFAULT current_timestamp()
) ENGINE=InnoDB DEFAULT CHARSET=utf8mb4 COLLATE=utf8mb4_unicode_ci;

--
-- Dumping data for table `poetry`
--

INSERT INTO `poetry` (`id`, `poet_id`, `sher`, `gazal`, `created_at`) VALUES
(3, 3, '<p>alam</p>', '<p>alam</p>', '2025-08-28 18:06:20');

-- --------------------------------------------------------

--
-- Table structure for table `poetry_submissions`
--

CREATE TABLE `poetry_submissions` (
  `id` int(11) NOT NULL,
  `name` varchar(100) DEFAULT NULL,
  `pen` varchar(100) DEFAULT NULL,
  `email` varchar(100) DEFAULT NULL,
  `category` varchar(50) DEFAULT NULL,
  `title` varchar(200) DEFAULT NULL,
  `poetry` text DEFAULT NULL,
  `submitted_at` timestamp NULL DEFAULT current_timestamp()
) ENGINE=InnoDB DEFAULT CHARSET=utf8mb4 COLLATE=utf8mb4_unicode_ci;

--
-- Dumping data for table `poetry_submissions`
--

INSERT INTO `poetry_submissions` (`id`, `name`, `pen`, `email`, `category`, `title`, `poetry`, `submitted_at`) VALUES
(2, 'alam sabery', 'alam', 'saimhaider630@gmail.com', 'Nazm', 'sdddddddd', 'dddddddddddddddd', '2025-08-02 11:58:10'),
(3, 'alam sabery', 'alam', 'sukhanzarfoundation@gmail.com', 'Sher', 'xxxxxxxxxxxxxxx', 'sdvfb ', '2025-08-02 12:02:23'),
(4, 'Alam', 'alam', 'sukhanzarfoundation@gmail.com', 'Prose', 'sssssssssssssssss', 'zssssssssssss', '2025-08-02 12:05:38'),
(5, 'qswdvf', 'wdef', 'saimhaider630@gmail.com', 'Sher', 'ddddddddddd', 'dsdd', '2025-08-02 12:06:10'),
(6, 'Alam', 'alam', 'kannuustad@gmail.com', 'Nazm', 'sss', 'ddddddddd', '2025-08-02 12:30:04'),
(7, 'alam sabery', 'wdef', 'anjumanqatar2005@gmail.com', 'Sher', 'sdsds', 'sdcshhh hnhj', '2025-08-02 12:39:17'),
(8, 'fdws', 'swdc', 'kannuustad@gmail.com', 'Nazm', 'sdc', 'sdxc', '2025-08-02 12:41:32'),
(9, 'wwwwwwwwwwww', 'wwwwwwwwww', 'parvez47470@gmail.com', 'Others', 'ww', 'ww', '2025-08-02 12:45:13'),
(10, 'wwwwwwwwwwww', 'wwwwwwwwww', 'parvez47470@gmail.com', 'Others', 'ww', 'ww', '2025-08-02 12:45:46'),
(11, 'alam sabery', 'aaa', 'a@gmail.com', 'Ghazal', 's', 's', '2025-08-02 12:46:19'),
(13, 'qq', 'qq', 'q@gmail.com', 'Nazm', 'sd', 'wsx', '2025-08-02 12:50:56'),
(15, 'Alam', 's', 'anjntar2005@gmail.com', 'Nazm', 'aaa', 'aa', '2025-08-02 12:52:21'),
(16, 'aas', 'ada', 'adsas@gmail.com', 'Sher', 'ddd', 'dd', '2025-08-02 12:54:27'),
(17, 'Alam', 'alam', 'sukhanzarfoundation@gmail.com', 'Nazm', 'hh', 'hh', '2025-08-02 13:06:43'),
(18, 'Alam', 'aaa', 'parvez47470@gmail.com', 'Nazm', 'bbbbb', 'bbbb', '2025-08-02 13:07:16'),
(19, 'alam sabery', 'alam', 'parvez47470@gmail.com', 'Nazm', 'hhhhhhhh', 'hhhhhhhhhh', '2025-08-02 13:14:43'),
(21, 'Alam', 'alam', 'sukhanzarfoundation@gmail.com', 'Nazm', 'l,kmjnhbg', 'nbvc', '2025-08-02 13:30:12'),
(22, 'Alam', 'wdef', 'parvez47470@gmail.com', 'Sher', 'jmnhbgf', 'gbfvd', '2025-08-02 13:30:47'),
(24, 'Alam', 'swdc', 'parvez47470@gmail.com', 'Prose', 'ssssss', 'ssssssssssss', '2025-08-02 13:36:11'),
(25, 'Sartaz Alam', 'Sartaz Razvi', 'sa.razvi91@gmail.com', 'Ghazal', 'दफ़्तर से मिल नहीं रही छुट्टी वगर्ना मैं', 'दफ़्तर से मिल नहीं रही छुट्टी वगर्ना मैं\r\nबारिश की एक बूँद न बे-कार जाने दूँ\r\n\r\nअज़हर फ़राग़', '2025-08-09 09:29:53'),
(26, 'Mohammad Bilal', 'Bilal', 'mdbilal0121@gmail.com', 'Ghazal', 'हिज्र', 'आप ऐसी सदा दुआ न करें\r\nजल्दबाज़ी में फ़ैसला न करें\r\n\r\nआपको मैं अगर पसंद नहीं\r\nएक अच्छा भी मुर्तज़ा न करें\r\n\r\nहिज्र अच्छा नहीं रहा है कभी\r\nआप ऐसे हमें जुदा न करें\r\n\r\nआप पर तो हमें यक़ीं था कभी\r\nइश्क़ में तो अभी दग़ा न करें\r\n\r\nआपका तो पता लगा है अभी\r\nआप मेरा कभी पता न करें ', '2025-08-31 02:12:11');

-- --------------------------------------------------------

--
-- Table structure for table `poets_categories`
--

CREATE TABLE `poets_categories` (
  `id` int(11) NOT NULL,
  `name` varchar(255) NOT NULL,
  `image` varchar(255) DEFAULT NULL,
  `dob` date DEFAULT NULL,
  `location` varchar(255) DEFAULT NULL
) ENGINE=InnoDB DEFAULT CHARSET=utf8mb4 COLLATE=utf8mb4_unicode_ci;

--
-- Dumping data for table `poets_categories`
--

INSERT INTO `poets_categories` (`id`, `name`, `image`, `dob`, `location`) VALUES
(3, 'BASHIR BADR', 'bashir badr.png', '1935-01-01', 'भोपाल, भारत Indai '),
(4, 'Charagh Sharma', 'images.jpeg', '1998-07-15', 'Chandausi, India'),
(5, 'Ehsan Danish', 'ehsan danish.webp', '1914-02-02', 'Lahore, Pakistan');

-- --------------------------------------------------------

--
-- Table structure for table `shayari_collection`
--

CREATE TABLE `shayari_collection` (
  `id` int(11) NOT NULL,
  `shayari_name` varchar(255) NOT NULL,
  `image` varchar(255) DEFAULT NULL,
  `author` varchar(100) DEFAULT NULL,
  `cover_image` varchar(255) DEFAULT NULL,
  `description` text DEFAULT NULL,
  `profile_image` varchar(250) DEFAULT NULL
) ENGINE=InnoDB DEFAULT CHARSET=utf8mb4 COLLATE=utf8mb4_unicode_ci;

--
-- Dumping data for table `shayari_collection`
--

INSERT INTO `shayari_collection` (`id`, `shayari_name`, `image`, `author`, `cover_image`, `description`, `profile_image`) VALUES
(1, 'chai', 'uploads/1752332935_thumb_nazam.png', 'Parvez Khan', 'uploads/1752335132_images.jpeg', 'enjdhj\r\nfvvfv \r\nfffffffffrg \r\n', ''),
(4, 'sharab', 'uploads/1752334983_thumb_nazam.png', 'nazim', 'uploads/1752334983_cover_images.jpeg', 'ddddddddddddddd\r\nd\r\n\r\n\r\n\r\n\r\n\r\n\r\n', ''),
(5, 'SHER ON CHAI', 'uploads/1752937181_02.png', 'Parvez Khan', 'uploads/1752934602_cover_poet-profile-banner.png', 'TOP 20 SHAYARI OF AMJAD ISLAM AMJAD\r\njis taraf tū hai udhar hoñgī sabhī kī nazreñ\r\niid ke chāñd kā dīdār bahāna hī sahī\r\n', ''),
(6, 'sharabi', 'uploads/1752936769_01.png', 'Parvez ', 'uploads/1752935342_cover_WIN_20230825_16_55_45_Pro.jpg', 'tttttttttttttt\r\njujjjj', NULL),
(7, 'Lovely', 'uploads/1752936786_लव शायरी.png', 'Parvez Khan', 'uploads/1752936391_cover_poet-profile-banner.png', 'dsssssssssssssss\r\nsssssssssssssssss', 'uploads/1752936391_profile_लव शायरी.png');

-- --------------------------------------------------------

--
-- Table structure for table `shayari_comment`
--

CREATE TABLE `shayari_comment` (
  `id` int(11) NOT NULL,
  `shayari_id` int(11) NOT NULL,
  `name` varchar(100) DEFAULT NULL,
  `comment` text DEFAULT NULL,
  `created_at` timestamp NULL DEFAULT current_timestamp()
) ENGINE=InnoDB DEFAULT CHARSET=utf8mb4 COLLATE=utf8mb4_unicode_ci;

--
-- Dumping data for table `shayari_comment`
--

INSERT INTO `shayari_comment` (`id`, `shayari_id`, `name`, `comment`, `created_at`) VALUES
(1, 2, 'chutiya', 'fhdwbjsnqkm', '2025-08-23 13:33:05');

-- --------------------------------------------------------

--
-- Table structure for table `shayari_comments`
--

CREATE TABLE `shayari_comments` (
  `id` int(11) NOT NULL,
  `shayari_id` int(11) NOT NULL,
  `comment` text NOT NULL,
  `created_at` datetime DEFAULT current_timestamp()
) ENGINE=InnoDB DEFAULT CHARSET=utf8mb4 COLLATE=utf8mb4_unicode_ci;

--
-- Dumping data for table `shayari_comments`
--

INSERT INTO `shayari_comments` (`id`, `shayari_id`, `comment`, `created_at`) VALUES
(9, 7, 'ssssssssss', '2025-07-26 10:52:33'),
(10, 7, 'wow', '2025-07-26 11:04:16'),
(11, 7, 'ekeke', '2025-07-26 11:19:18');

-- --------------------------------------------------------

--
-- Table structure for table `shayari_data`
--

CREATE TABLE `shayari_data` (
  `id` int(11) NOT NULL,
  `collection_id` int(11) DEFAULT NULL,
  `date` date DEFAULT NULL,
  `content` text DEFAULT NULL
) ENGINE=InnoDB DEFAULT CHARSET=utf8mb4 COLLATE=utf8mb4_unicode_ci;

--
-- Dumping data for table `shayari_data`
--

INSERT INTO `shayari_data` (`id`, `collection_id`, `date`, `content`) VALUES
(1, 1, '2025-07-12', '<p>dffffffffffffffffff&nbsp;</p>\r\n\r\n<p>f</p>\r\n\r\n<p>&nbsp;</p>\r\n\r\n<p>&nbsp;</p>\r\n\r\n<p>&nbsp;</p>\r\n\r\n<p>&nbsp;</p>\r\n\r\n<p>&nbsp;</p>\r\n\r\n<p>&nbsp;</p>\r\n\r\n<p>&nbsp;</p>\r\n\r\n<p>&nbsp;</p>\r\n\r\n<p>&nbsp;</p>\r\n\r\n<p>gggttttttt</p>\r\n'),
(2, 1, '2025-07-12', '<p>ggggggggggggggg</p>\r\n\r\n<p>f</p>\r\n\r\n<p>&nbsp;</p>\r\n\r\n<p>&nbsp;</p>\r\n\r\n<p>&nbsp;</p>\r\n\r\n<p>&nbsp;</p>\r\n\r\n<p>&nbsp;</p>\r\n\r\n<p>&nbsp;</p>\r\n\r\n<p>&nbsp;</p>\r\n\r\n<p>&nbsp;</p>\r\n'),
(4, 5, '2025-07-19', '<p>jis taraf tū hai udhar ho&ntilde;gī sabhī kī nazre&ntilde;<br />\r\niid ke chā&ntilde;d kā dīdār bahāna hī sahī<br />\r\n&nbsp;</p>\r\n\r\n<p>chehre pe mire zulf ko phailāo kisī din<br />\r\nkyā roz garajte ho baras jaao kisī din<br />\r\n&nbsp;</p>\r\n\r\n<p>baḌe sukūn se Duube the Dūbne vaale<br />\r\njo sāhilo&ntilde; pe khaḌe the bahut pukāre bhī<br />\r\n&nbsp;</p>\r\n'),
(5, 4, '2025-07-19', '<p>hjjjjjjjjjjjjjjjjjjjjjjjj</p>\r\n\r\n<p>&nbsp;</p>\r\n\r\n<p>&nbsp;</p>\r\n\r\n<p>&nbsp;</p>\r\n\r\n<p>&nbsp;</p>\r\n\r\n<p>&nbsp;</p>\r\n\r\n<p>&nbsp;</p>\r\n\r\n<p>&nbsp;</p>\r\n\r\n<p>&nbsp;</p>\r\n\r\n<p>&nbsp;</p>\r\n\r\n<p>&nbsp;</p>\r\n\r\n<p>&nbsp;</p>\r\n\r\n<p>&nbsp;</p>\r\n\r\n<p>&nbsp;</p>\r\n\r\n<p>&nbsp;</p>\r\n\r\n<p>&nbsp;</p>\r\n\r\n<p>&nbsp;</p>\r\n\r\n<p>&nbsp;</p>\r\n\r\n<p>&nbsp;</p>\r\n\r\n<p>jjjhjhjj</p>\r\n'),
(6, 7, '2025-07-19', '<p>sssssssssssssss ssssssssssssssssssss</p>\r\n\r\n<p>sssssssssssssss ssssssssssssssssssss</p>\r\n\r\n<p>sssssssssssssss ssssssssssssssssssss</p>\r\n\r\n<p>sssssssssssssss ssssssssssssssssssss</p>\r\n\r\n<p>sssssssssssssss ssssssssssssssssssss</p>\r\n\r\n<p>sssssssssssssss ssssssssssssssssssss</p>\r\n\r\n<p>&nbsp;</p>\r\n'),
(7, 7, '2025-07-20', '<p>qqqqqqqqqqqqqqqqwer</p>\r\n\r\n<p>aaaaaaaaaaaaaaaaaaaaa</p>\r\n\r\n<p>aaaaaaaaaaaaaaaaaaaaa</p>\r\n');

-- --------------------------------------------------------

--
-- Table structure for table `shayari_downloads`
--

CREATE TABLE `shayari_downloads` (
  `id` int(11) NOT NULL,
  `shayari_id` int(11) NOT NULL,
  `user_ip` varchar(50) DEFAULT NULL,
  `created_at` timestamp NULL DEFAULT current_timestamp()
) ENGINE=InnoDB DEFAULT CHARSET=utf8mb4 COLLATE=utf8mb4_unicode_ci;

--
-- Dumping data for table `shayari_downloads`
--

INSERT INTO `shayari_downloads` (`id`, `shayari_id`, `user_ip`, `created_at`) VALUES
(1, 2, '103.92.41.22', '2025-08-23 13:32:25'),
(2, 2, '103.92.41.22', '2025-08-23 13:32:39'),
(3, 3, '103.92.41.184', '2025-08-27 18:35:24'),
(4, 2, '103.92.41.184', '2025-08-27 18:35:48');

-- --------------------------------------------------------

--
-- Table structure for table `shayari_likes`
--

CREATE TABLE `shayari_likes` (
  `id` int(11) NOT NULL,
  `shayari_id` int(11) NOT NULL,
  `user_ip` varchar(50) DEFAULT NULL,
  `created_at` timestamp NULL DEFAULT current_timestamp()
) ENGINE=InnoDB DEFAULT CHARSET=utf8mb4 COLLATE=utf8mb4_unicode_ci;

-- --------------------------------------------------------

--
-- Table structure for table `shayari_replies`
--

CREATE TABLE `shayari_replies` (
  `id` int(11) NOT NULL,
  `comment_id` int(11) NOT NULL,
  `reply` text NOT NULL,
  `created_at` datetime DEFAULT current_timestamp()
) ENGINE=InnoDB DEFAULT CHARSET=utf8mb4 COLLATE=utf8mb4_unicode_ci;

--
-- Dumping data for table `shayari_replies`
--

INSERT INTO `shayari_replies` (`id`, `comment_id`, `reply`, `created_at`) VALUES
(1, 11, 'thnks', '2025-07-26 11:25:26'),
(2, 11, 'ddd', '2025-07-26 11:36:38');

-- --------------------------------------------------------

--
-- Table structure for table `subscribers`
--

CREATE TABLE `subscribers` (
  `id` int(11) NOT NULL,
  `email` varchar(255) NOT NULL,
  `subscribed_at` datetime DEFAULT current_timestamp(),
  `created_at` datetime DEFAULT current_timestamp()
) ENGINE=InnoDB DEFAULT CHARSET=utf8mb4 COLLATE=utf8mb4_unicode_ci;

--
-- Dumping data for table `subscribers`
--

INSERT INTO `subscribers` (`id`, `email`, `subscribed_at`, `created_at`) VALUES
(6, 'sb5668304@gmail.com', '2025-07-19 13:29:21', '2025-07-19 13:48:38'),
(8, 'anjumanqatar2005@gmail.com', '2025-07-19 13:31:51', '2025-07-19 13:48:38'),
(9, 'sukhanzarfoundation@gmail.com', '2025-07-19 13:59:32', '2025-07-19 13:59:32'),
(10, 'parvez47475@gmail.com', '2025-07-26 08:57:36', '2025-07-26 08:57:36'),
(13, 'saimhaider630@gmail.com', '2025-08-02 07:22:06', '2025-08-02 07:22:06'),
(14, 'parvez47470@gmail.com', '2025-08-09 09:43:37', '2025-08-09 09:43:37'),
(15, 'sujalhero851@gmail.com', '2025-08-30 12:08:59', '2025-08-30 12:08:59'),
(16, 's@gmail.com', '2025-08-30 20:10:20', '2025-08-30 20:10:20');

-- --------------------------------------------------------

--
-- Table structure for table `urdu_poetry_category`
--

CREATE TABLE `urdu_poetry_category` (
  `id` int(11) NOT NULL,
  `name` varchar(255) NOT NULL,
  `image` varchar(255) DEFAULT NULL,
  `dob` date DEFAULT NULL,
  `dod` date DEFAULT NULL,
  `location` varchar(255) DEFAULT NULL,
  `gazal_count` int(11) DEFAULT 0,
  `nazam_count` int(11) DEFAULT 0,
  `sher_count` int(11) DEFAULT 0,
  `shery_count` int(11) DEFAULT 0
) ENGINE=InnoDB DEFAULT CHARSET=utf8mb4 COLLATE=utf8mb4_unicode_ci;

--
-- Dumping data for table `urdu_poetry_category`
--

INSERT INTO `urdu_poetry_category` (`id`, `name`, `image`, `dob`, `dod`, `location`, `gazal_count`, `nazam_count`, `sher_count`, `shery_count`) VALUES
(1, 'Nasir Kazmi', '1752308849_couplets-of-nasir-kazmi_Medium.png', '1925-08-12', '1972-02-03', 'Lahore, Pakistan', 0, 0, 0, 0),
(2, 'Dagh Dehlvi', '1755944685_1752309131_cover_couplets-of-dagh-dehlvi_Medium.png', '1831-05-25', '1905-03-17', 'Delhi, India', 0, 0, 0, 0),
(4, 'Jaun Eliya', '1756501092_joun.png', '1931-12-12', '2002-08-11', 'Karachi, Pakistan', 0, 0, 0, 0),
(7, 'ABBAS TABISH', '1756319708_ABBAS TABISH.png', '2025-08-23', NULL, 'Lahore, Pakistan', 51, 0, 0, 0),
(8, 'SHAKEB JALALI', '1756500753_Shakeb Jalali.png', '1934-01-10', '1966-12-11', 'Karachi, Pakistan', 0, 0, 0, 0),
(10, 'बशीर बद्र', '1756322084_bashir badr.png', '1935-01-01', NULL, 'Bhopal, India', 0, 0, 0, 0),
(15, 'Fehmi Badayuni', '1756549741_Fehmi_Badayuni.jpg', '1952-01-04', '2024-10-20', 'Badayun, India', 0, 0, 0, 0),
(16, 'Ganesh Bihari Tarz', '1756550680_GANESH BIHARI TARZ.jpeg', '1932-01-01', '2008-05-04', 'Lucknow, India', 0, 0, 0, 0),
(17, 'Habib Jalib', '1756550954_Habib Jalib.png', '1928-03-24', '1993-03-14', 'Lahore, Pakistan', 0, 0, 0, 0),
(18, 'Ismail Raaz', '1756551206_Ismail Raaz.jpeg', '1993-05-25', '0000-00-00', 'Washim, India', 0, 0, 0, 0);

-- --------------------------------------------------------

--
-- Table structure for table `urdu_poetry_data`
--

CREATE TABLE `urdu_poetry_data` (
  `id` int(11) NOT NULL,
  `poet_id` int(11) NOT NULL,
  `nazam` text DEFAULT NULL,
  `gazal` text DEFAULT NULL,
  `sher` text DEFAULT NULL,
  `shery` text DEFAULT NULL,
  `created_at` timestamp NULL DEFAULT current_timestamp()
) ENGINE=InnoDB DEFAULT CHARSET=utf8mb4 COLLATE=utf8mb4_unicode_ci;

--
-- Dumping data for table `urdu_poetry_data`
--

INSERT INTO `urdu_poetry_data` (`id`, `poet_id`, `nazam`, `gazal`, `sher`, `shery`, `created_at`) VALUES
(1, 1, '<p>sssssssssssssssss</p>', '<p>sssssssssssssssssssssss</p>', '<p>ssssssssssssssssssssss</p>', '<p>sssssssssssssssssss</p>', '2025-07-12 08:45:17'),
(2, 7, '<p>ye kaisā ishq hai urdu zabāñ kaa,<br>mazā ghultā hai lafzoñ kā zabāñ par</p><p>ki jaise paan meñ mahñgā qimām ghultā hai<br>ye kaisā ishq hai urdu zabāñ kaa....</p><p>nasha aatā hai urdu bolne meñ<br>gilaurī kī tarah haiñ muñh lagī sab istelāheñ</p><p>lutf detī hai, halaq chhūtī hai urdu to, halaq se jaise mai kā ghoñT utartā hai<br>baḌī aristocracy hai zabāñ meñ</p><p>faqīrī meñ navābī kā mazā detī hai urdu<br>agarche<br>&nbsp;</p><p>ye kaisā ishq hai urdu zabāñ kaa,<br>mazā ghultā hai lafzoñ kā zabāñ par</p><p>ki jaise paan meñ mahñgā qimām ghultā hai<br>ye kaisā ishq hai urdu zabāñ kaa....</p><p>nasha aatā hai urdu bolne meñ<br>gilaurī kī tarah haiñ muñh lagī sab istelāheñ</p><p>lutf detī hai, halaq chhūtī hai urdu to, halaq se jaise mai kā ghoñT utartā hai<br>baḌī aristocracy hai zabāñ meñ</p><p>faqīrī meñ navābī kā mazā detī hai urdu<br>agarche<br>&nbsp;</p>', '<p>ye kaisā ishq hai urdu zabāñ kaa,<br>mazā ghultā hai lafzoñ kā zabāñ par</p><p>ki jaise paan meñ mahñgā qimām ghultā hai<br>ye kaisā ishq hai urdu zabāñ kaa....</p><p>nasha aatā hai urdu bolne meñ<br>gilaurī kī tarah haiñ muñh lagī sab istelāheñ</p><p>lutf detī hai, halaq chhūtī hai urdu to, halaq se jaise mai kā ghoñT utartā hai<br>baḌī aristocracy hai zabāñ meñ</p><p>faqīrī meñ navābī kā mazā detī hai urdu<br>agarche<br>&nbsp;</p>', '<p>ye kaisā ishq hai urdu zabāñ kaa,<br>mazā ghultā hai lafzoñ kā zabāñ par</p><p>ki jaise paan meñ mahñgā qimām ghultā hai<br>ye kaisā ishq hai urdu zabāñ kaa....</p><p>nasha aatā hai urdu bolne meñ<br>gilaurī kī tarah haiñ muñh lagī sab istelāheñ</p><p>lutf detī hai, halaq chhūtī hai urdu to, halaq se jaise mai kā ghoñT utartā hai<br>baḌī aristocracy hai zabāñ meñ</p><p>faqīrī meñ navābī kā mazā detī hai urdu<br>agarche<br>&nbsp;</p>', '<p>ye kaisā ishq hai urdu zabāñ kaa,<br>mazā ghultā hai lafzoñ kā zabāñ par</p><p>ki jaise paan meñ mahñgā qimām ghultā hai<br>ye kaisā ishq hai urdu zabāñ kaa....</p><p>nasha aatā hai urdu bolne meñ<br>gilaurī kī tarah haiñ muñh lagī sab istelāheñ</p><p>lutf detī hai, halaq chhūtī hai urdu to, halaq se jaise mai kā ghoñT utartā hai<br>baḌī aristocracy hai zabāñ meñ</p><p>faqīrī meñ navābī kā mazā detī hai urdu<br>agarche<br>&nbsp;</p>', '2025-08-23 11:50:05'),
(3, 7, '<p>ye kaisā ishq hai urdu zabāñ kaa,<br>mazā ghultā hai lafzoñ kā zabāñ par</p><p>ki jaise paan meñ mahñgā qimām ghultā hai<br>ye kaisā ishq hai urdu zabāñ kaa....</p><p>nasha aatā hai urdu bolne meñ<br>gilaurī kī tarah haiñ muñh lagī sab istelāheñ</p><p>lutf detī hai, halaq chhūtī hai urdu to, halaq se jaise mai kā ghoñT utartā hai<br>baḌī aristocracy hai zabāñ meñ</p><p>faqīrī meñ navābī kā mazā detī hai urdu<br>agarche</p>', '<p>ye kaisā ishq hai urdu zabāñ kaa,<br>mazā ghultā hai lafzoñ kā zabāñ par</p><p>ki jaise paan meñ mahñgā qimām ghultā hai<br>ye kaisā ishq hai urdu zabāñ kaa....</p><p>nasha aatā hai urdu bolne meñ<br>gilaurī kī tarah haiñ muñh lagī sab istelāheñ</p><p>lutf detī hai, halaq chhūtī hai urdu to, halaq se jaise mai kā ghoñT utartā hai<br>baḌī aristocracy hai zabāñ meñ</p><p>faqīrī meñ navābī kā mazā detī hai urdu<br>agarche</p>', '<p>ye kaisā ishq hai urdu zabāñ kaa,<br>mazā ghultā hai lafzoñ kā zabāñ par</p><p>ki jaise paan meñ mahñgā qimām ghultā hai<br>ye kaisā ishq hai urdu zabāñ kaa....</p><p>nasha aatā hai urdu bolne meñ<br>gilaurī kī tarah haiñ muñh lagī sab istelāheñ</p><p>lutf detī hai, halaq chhūtī hai urdu to, halaq se jaise mai kā ghoñT utartā hai<br>baḌī aristocracy hai zabāñ meñ</p><p>faqīrī meñ navābī kā mazā detī hai urdu<br>agarche</p>', '<p>ye kaisā ishq hai urdu zabāñ kaa,<br>mazā ghultā hai lafzoñ kā zabāñ par</p><p>ki jaise paan meñ mahñgā qimām ghultā hai<br>ye kaisā ishq hai urdu zabāñ kaa....</p><p>nasha aatā hai urdu bolne meñ<br>gilaurī kī tarah haiñ muñh lagī sab istelāheñ</p><p>lutf detī hai, halaq chhūtī hai urdu to, halaq se jaise mai kā ghoñT utartā hai<br>baḌī aristocracy hai zabāñ meñ</p><p>faqīrī meñ navābī kā mazā detī hai urdu<br>agarche</p>', '2025-08-23 12:23:28');

-- --------------------------------------------------------

--
-- Table structure for table `urdu_poet_profile`
--

CREATE TABLE `urdu_poet_profile` (
  `id` int(11) NOT NULL,
  `poet_id` int(11) NOT NULL,
  `image` varchar(255) DEFAULT NULL,
  `cover_image` varchar(255) DEFAULT NULL,
  `location` varchar(255) DEFAULT NULL,
  `description` text DEFAULT NULL
) ENGINE=InnoDB DEFAULT CHARSET=utf8mb4 COLLATE=utf8mb4_unicode_ci;

--
-- Dumping data for table `urdu_poet_profile`
--

INSERT INTO `urdu_poet_profile` (`id`, `poet_id`, `image`, `cover_image`, `location`, `description`) VALUES
(1, 1, '1752309131_couplets-of-nasir-kazmi_Medium.png', '1756500943_ABBAS TABISH cover.png', 'kemri', 'Alam vbhfdmc xjwhvj   njrwhn \r\nax\r\ndv\r\nfcv cvg \r\nvvc\r\n v \r\ncwevbf b cvfb \r\n\r\n\r\n\r\n\r\nr fv \r\ndv v f'),
(2, 7, '1755948448_couplets-of-abbas-tabish_Medium.png', '1756322174_download.jpg', '', 'baba harbaal singh kmeri bale'),
(3, 7, '1755948483_couplets-of-abbas-tabish_Medium.png', '1756322174_download.jpg', '', 'baba harbaal singh kmeri bale'),
(6, 7, '', '1756322174_download.jpg', '', ''),
(7, 7, '', '1756322174_download.jpg', '', ''),
(10, 8, '1756323642_aws.jpeg', '1756323642_cover_gold.jpeg', '', ''),
(12, 10, '', '1756402519_apples-101-about-1440x810.jpg', '', ''),
(14, 4, NULL, '', NULL, NULL),
(15, 2, NULL, '', NULL, NULL),
(16, 15, NULL, '', NULL, NULL),
(17, 15, '', '', '', 'Indian');

-- --------------------------------------------------------

--
-- Table structure for table `users`
--

CREATE TABLE `users` (
  `id` int(11) NOT NULL,
  `first_name` varchar(100) DEFAULT NULL,
  `last_name` varchar(100) DEFAULT NULL,
  `email` varchar(100) DEFAULT NULL,
  `phone` varchar(15) DEFAULT NULL,
  `created_at` timestamp NULL DEFAULT current_timestamp(),
  `password` varchar(250) NOT NULL,
  `reset_token` varchar(255) DEFAULT NULL,
  `token_expiry` datetime DEFAULT NULL
) ENGINE=InnoDB DEFAULT CHARSET=utf8mb4 COLLATE=utf8mb4_unicode_ci;

--
-- Dumping data for table `users`
--

INSERT INTO `users` (`id`, `first_name`, `last_name`, `email`, `phone`, `created_at`, `password`, `reset_token`, `token_expiry`) VALUES
(2, 'dfg', 'rty', 'kannuustad@gmail.com', '868848218', '2025-08-02 14:30:26', '', NULL, NULL),
(3, 'sdfg', 'tyh', 'anjumanqatar2005@gmail.com', '886884585', '2025-08-02 14:36:30', '', NULL, NULL),
(4, 'dfgh', 'fgh', 'saimhaider630@gmail.com', '8868848515', '2025-08-02 14:41:05', 'ertyhj', NULL, NULL),
(6, 'DFGHJ', 'KJHG', 'asa@gmail.com', '887744999', '2025-08-02 14:56:02', '', NULL, NULL),
(10, 'hero', 'fghj', 'sujalhero851@gmail.com', '88868848515', '2025-08-02 18:51:00', '123456', NULL, NULL),
(11, 'ASC', 'asc', 'btjalpha32@gmail.com', '88778845784', '2025-08-02 19:08:07', '', NULL, NULL),
(12, 'sd', 'aa', 'ihateyoumore402@gmail.com', '12121212', '2025-08-02 19:10:59', '', NULL, NULL),
(17, 'dfghj', '', 'maxatechnology7@gmail.com', '886884586', '2025-08-02 19:40:25', '', NULL, NULL),
(19, 'asaxcd', 'sdc', 'parvez47470@gmail.com', '8868848218', '2025-08-03 07:02:39', '$2y$10$44rvMzCo5K6Cvq/aWDBbeu17oDl8VZAvTZ5feLOREy9FBSjVbgTa.', NULL, NULL),
(22, 'alam', 'razvi', 'sukhanzarfoundation@gmail.com', '8449722145', '2025-08-09 10:17:42', '123456', '3b38422f479f2a043fca555b0a69c630f221340b03e2259e0620c89df6edd94c8e3f029060f8871936b5506a85bd6fe47a8e', '2025-08-31 07:28:51'),
(23, 'bnm', 'hjk', 'parvez37370@gmail.com', '4561236547', '2025-08-23 08:07:28', '123654', NULL, NULL),
(24, 'Sartaz', 'Alam', 'shahzadarzvi@gmail.com', '9690855786', '2025-08-27 17:52:11', 'Sa@8273990143', NULL, NULL),
(25, 'Mohammad ', 'BILAL', 'mdbilal0121@gmail.com', '09837963669', '2025-08-31 02:08:48', 'imbilal@1999', NULL, NULL);

-- --------------------------------------------------------

--
-- Table structure for table `words`
--

CREATE TABLE `words` (
  `id` int(11) NOT NULL,
  `title` varchar(255) NOT NULL,
  `author_name` varchar(255) NOT NULL,
  `content` text NOT NULL,
  `created_at` timestamp NULL DEFAULT current_timestamp()
) ENGINE=InnoDB DEFAULT CHARSET=utf8mb4 COLLATE=utf8mb4_unicode_ci;

--
-- Dumping data for table `words`
--

INSERT INTO `words` (`id`, `title`, `author_name`, `content`, `created_at`) VALUES
(4, 'gujhjvkhjv', 'hjgvhjkvkjvb', '<p>bond, binding, relation, intimacy, link, connection, social bonding bas itnā rabt kaafī hai mujhe ai bhūlne vaale tirī soī huī āñkhoñ meñ aksar jāgtā huuñ maiñ shor din ko nahīñ sone detā shab ko sannāTā jagā detā hai 420rtyghkjlkjh</p>', '2025-08-27 18:00:00');

--
-- Indexes for dumped tables
--

--
-- Indexes for table `add_ticket`
--
ALTER TABLE `add_ticket`
  ADD PRIMARY KEY (`id`);

--
-- Indexes for table `admin`
--
ALTER TABLE `admin`
  ADD PRIMARY KEY (`id`),
  ADD UNIQUE KEY `username` (`username`);

--
-- Indexes for table `banner`
--
ALTER TABLE `banner`
  ADD PRIMARY KEY (`id`);

--
-- Indexes for table `blogs`
--
ALTER TABLE `blogs`
  ADD PRIMARY KEY (`id`);

--
-- Indexes for table `booking_ticket`
--
ALTER TABLE `booking_ticket`
  ADD PRIMARY KEY (`id`);

--
-- Indexes for table `comments`
--
ALTER TABLE `comments`
  ADD PRIMARY KEY (`id`);

--
-- Indexes for table `poetry`
--
ALTER TABLE `poetry`
  ADD PRIMARY KEY (`id`),
  ADD KEY `poet_id` (`poet_id`);

--
-- Indexes for table `poetry_submissions`
--
ALTER TABLE `poetry_submissions`
  ADD PRIMARY KEY (`id`);

--
-- Indexes for table `poets_categories`
--
ALTER TABLE `poets_categories`
  ADD PRIMARY KEY (`id`);

--
-- Indexes for table `shayari_collection`
--
ALTER TABLE `shayari_collection`
  ADD PRIMARY KEY (`id`),
  ADD UNIQUE KEY `shayari_name` (`shayari_name`);

--
-- Indexes for table `shayari_comment`
--
ALTER TABLE `shayari_comment`
  ADD PRIMARY KEY (`id`);

--
-- Indexes for table `shayari_comments`
--
ALTER TABLE `shayari_comments`
  ADD PRIMARY KEY (`id`),
  ADD KEY `shayari_id` (`shayari_id`);

--
-- Indexes for table `shayari_data`
--
ALTER TABLE `shayari_data`
  ADD PRIMARY KEY (`id`),
  ADD KEY `collection_id` (`collection_id`);

--
-- Indexes for table `shayari_downloads`
--
ALTER TABLE `shayari_downloads`
  ADD PRIMARY KEY (`id`);

--
-- Indexes for table `shayari_likes`
--
ALTER TABLE `shayari_likes`
  ADD PRIMARY KEY (`id`);

--
-- Indexes for table `shayari_replies`
--
ALTER TABLE `shayari_replies`
  ADD PRIMARY KEY (`id`),
  ADD KEY `comment_id` (`comment_id`);

--
-- Indexes for table `subscribers`
--
ALTER TABLE `subscribers`
  ADD PRIMARY KEY (`id`),
  ADD UNIQUE KEY `email` (`email`);

--
-- Indexes for table `urdu_poetry_category`
--
ALTER TABLE `urdu_poetry_category`
  ADD PRIMARY KEY (`id`);

--
-- Indexes for table `urdu_poetry_data`
--
ALTER TABLE `urdu_poetry_data`
  ADD PRIMARY KEY (`id`),
  ADD KEY `poet_id` (`poet_id`);

--
-- Indexes for table `urdu_poet_profile`
--
ALTER TABLE `urdu_poet_profile`
  ADD PRIMARY KEY (`id`),
  ADD KEY `poet_id` (`poet_id`);

--
-- Indexes for table `users`
--
ALTER TABLE `users`
  ADD PRIMARY KEY (`id`),
  ADD UNIQUE KEY `email` (`email`);

--
-- Indexes for table `words`
--
ALTER TABLE `words`
  ADD PRIMARY KEY (`id`);

--
-- AUTO_INCREMENT for dumped tables
--

--
-- AUTO_INCREMENT for table `add_ticket`
--
ALTER TABLE `add_ticket`
  MODIFY `id` int(11) NOT NULL AUTO_INCREMENT, AUTO_INCREMENT=2;

--
-- AUTO_INCREMENT for table `admin`
--
ALTER TABLE `admin`
  MODIFY `id` int(11) NOT NULL AUTO_INCREMENT, AUTO_INCREMENT=4;

--
-- AUTO_INCREMENT for table `banner`
--
ALTER TABLE `banner`
  MODIFY `id` int(11) NOT NULL AUTO_INCREMENT, AUTO_INCREMENT=10;

--
-- AUTO_INCREMENT for table `blogs`
--
ALTER TABLE `blogs`
  MODIFY `id` int(11) NOT NULL AUTO_INCREMENT, AUTO_INCREMENT=11;

--
-- AUTO_INCREMENT for table `booking_ticket`
--
ALTER TABLE `booking_ticket`
  MODIFY `id` int(11) NOT NULL AUTO_INCREMENT, AUTO_INCREMENT=11;

--
-- AUTO_INCREMENT for table `comments`
--
ALTER TABLE `comments`
  MODIFY `id` int(11) NOT NULL AUTO_INCREMENT, AUTO_INCREMENT=12;

--
-- AUTO_INCREMENT for table `poetry`
--
ALTER TABLE `poetry`
  MODIFY `id` int(11) NOT NULL AUTO_INCREMENT, AUTO_INCREMENT=4;

--
-- AUTO_INCREMENT for table `poetry_submissions`
--
ALTER TABLE `poetry_submissions`
  MODIFY `id` int(11) NOT NULL AUTO_INCREMENT, AUTO_INCREMENT=27;

--
-- AUTO_INCREMENT for table `poets_categories`
--
ALTER TABLE `poets_categories`
  MODIFY `id` int(11) NOT NULL AUTO_INCREMENT, AUTO_INCREMENT=6;

--
-- AUTO_INCREMENT for table `shayari_collection`
--
ALTER TABLE `shayari_collection`
  MODIFY `id` int(11) NOT NULL AUTO_INCREMENT, AUTO_INCREMENT=8;

--
-- AUTO_INCREMENT for table `shayari_comment`
--
ALTER TABLE `shayari_comment`
  MODIFY `id` int(11) NOT NULL AUTO_INCREMENT, AUTO_INCREMENT=2;

--
-- AUTO_INCREMENT for table `shayari_comments`
--
ALTER TABLE `shayari_comments`
  MODIFY `id` int(11) NOT NULL AUTO_INCREMENT, AUTO_INCREMENT=12;

--
-- AUTO_INCREMENT for table `shayari_data`
--
ALTER TABLE `shayari_data`
  MODIFY `id` int(11) NOT NULL AUTO_INCREMENT, AUTO_INCREMENT=8;

--
-- AUTO_INCREMENT for table `shayari_downloads`
--
ALTER TABLE `shayari_downloads`
  MODIFY `id` int(11) NOT NULL AUTO_INCREMENT, AUTO_INCREMENT=5;

--
-- AUTO_INCREMENT for table `shayari_likes`
--
ALTER TABLE `shayari_likes`
  MODIFY `id` int(11) NOT NULL AUTO_INCREMENT;

--
-- AUTO_INCREMENT for table `shayari_replies`
--
ALTER TABLE `shayari_replies`
  MODIFY `id` int(11) NOT NULL AUTO_INCREMENT, AUTO_INCREMENT=3;

--
-- AUTO_INCREMENT for table `subscribers`
--
ALTER TABLE `subscribers`
  MODIFY `id` int(11) NOT NULL AUTO_INCREMENT, AUTO_INCREMENT=17;

--
-- AUTO_INCREMENT for table `urdu_poetry_category`
--
ALTER TABLE `urdu_poetry_category`
  MODIFY `id` int(11) NOT NULL AUTO_INCREMENT, AUTO_INCREMENT=19;

--
-- AUTO_INCREMENT for table `urdu_poetry_data`
--
ALTER TABLE `urdu_poetry_data`
  MODIFY `id` int(11) NOT NULL AUTO_INCREMENT, AUTO_INCREMENT=4;

--
-- AUTO_INCREMENT for table `urdu_poet_profile`
--
ALTER TABLE `urdu_poet_profile`
  MODIFY `id` int(11) NOT NULL AUTO_INCREMENT, AUTO_INCREMENT=18;

--
-- AUTO_INCREMENT for table `users`
--
ALTER TABLE `users`
  MODIFY `id` int(11) NOT NULL AUTO_INCREMENT, AUTO_INCREMENT=26;

--
-- AUTO_INCREMENT for table `words`
--
ALTER TABLE `words`
  MODIFY `id` int(11) NOT NULL AUTO_INCREMENT, AUTO_INCREMENT=5;

--
-- Constraints for dumped tables
--

--
-- Constraints for table `poetry`
--
ALTER TABLE `poetry`
  ADD CONSTRAINT `poetry_ibfk_1` FOREIGN KEY (`poet_id`) REFERENCES `poets_categories` (`id`) ON DELETE CASCADE;

--
-- Constraints for table `shayari_comments`
--
ALTER TABLE `shayari_comments`
  ADD CONSTRAINT `shayari_comments_ibfk_1` FOREIGN KEY (`shayari_id`) REFERENCES `shayari_data` (`id`) ON DELETE CASCADE;

--
-- Constraints for table `shayari_data`
--
ALTER TABLE `shayari_data`
  ADD CONSTRAINT `shayari_data_ibfk_1` FOREIGN KEY (`collection_id`) REFERENCES `shayari_collection` (`id`) ON DELETE CASCADE;

--
-- Constraints for table `shayari_replies`
--
ALTER TABLE `shayari_replies`
  ADD CONSTRAINT `shayari_replies_ibfk_1` FOREIGN KEY (`comment_id`) REFERENCES `shayari_comments` (`id`) ON DELETE CASCADE;

--
-- Constraints for table `urdu_poetry_data`
--
ALTER TABLE `urdu_poetry_data`
  ADD CONSTRAINT `urdu_poetry_data_ibfk_1` FOREIGN KEY (`poet_id`) REFERENCES `urdu_poetry_category` (`id`) ON DELETE CASCADE;

--
-- Constraints for table `urdu_poet_profile`
--
ALTER TABLE `urdu_poet_profile`
  ADD CONSTRAINT `urdu_poet_profile_ibfk_1` FOREIGN KEY (`poet_id`) REFERENCES `urdu_poetry_category` (`id`) ON DELETE CASCADE;
COMMIT;

/*!40101 SET CHARACTER_SET_CLIENT=@OLD_CHARACTER_SET_CLIENT */;
/*!40101 SET CHARACTER_SET_RESULTS=@OLD_CHARACTER_SET_RESULTS */;
/*!40101 SET COLLATION_CONNECTION=@OLD_COLLATION_CONNECTION */;
